{
  "RG_0": {
    "mean": 1.1454853289680271,
    "std": 1.7839490246481695
  },
  "RG_1": {
    "mean": 2.2617738885088094,
    "std": 1.9590610846420489,
    "std_converged": false,
    "L2 distance with RG_0": 0.18730662307121296,
    "L2_converged": false
  },
  "RG_2": {
    "mean": 3.743353002630815,
    "std": 2.334393873669915,
    "std_converged": false,
    "L2 distance with RG_1": 0.19289804949429934,
    "L2_converged": false
  },
  "RG_3": {
    "mean": 5.980495099795626,
    "std": 2.911707817101273,
    "std_converged": false,
    "L2 distance with RG_2": 0.20374331654305314,
    "L2_converged": false
  },
  "RG_4": {
    "mean": 9.704740736888377,
    "std": 3.7310841921645657,
    "std_converged": false,
    "L2 distance with RG_3": 0.22452995417152907,
    "L2_converged": false
  },
  "RG_5": {
    "mean": 16.359822630416385,
    "std": 4.812345881467472,
    "std_converged": false,
    "L2 distance with RG_4": 0.2526077955902289,
    "L2_converged": false
  },
  "RG_6": {
    "mean": 25.965764940169638,
    "std": 4.656398331806751,
    "std_converged": false,
    "L2 distance with RG_5": 0.2880880625873762,
    "L2_converged": false
  },
  "RG_7": {
    "mean": 29.793418236557915,
    "std": 3.033404883417634,
    "std_converged": false,
    "L2 distance with RG_6": 0.20835415167126933,
    "L2_converged": false
  }
}