{
  "RG_0": {
    "mean": 1.1508621048385566,
    "std": 1.784958783458227
  },
  "RG_1": {
    "mean": 2.26847925158807,
    "std": 1.9608838491011633,
    "std_converged": false,
    "L2 distance with RG_0": 0.18720304815549957,
    "L2_converged": false
  },
  "RG_2": {
    "mean": 3.752761672512016,
    "std": 2.3370449085856064,
    "std_converged": false,
    "L2 distance with RG_1": 0.19293121784990316,
    "L2_converged": false
  },
  "RG_3": {
    "mean": 5.995617754857731,
    "std": 2.915409173948932,
    "std_converged": false,
    "L2 distance with RG_2": 0.20384401115891698,
    "L2_converged": false
  },
  "RG_4": {
    "mean": 9.732322554329752,
    "std": 3.7357788720982876,
    "std_converged": false,
    "L2 distance with RG_3": 0.2247470205636405,
    "L2_converged": false
  },
  "RG_5": {
    "mean": 16.410788895159218,
    "std": 4.817981495590196,
    "std_converged": false,
    "L2 distance with RG_4": 0.25287025499465204,
    "L2_converged": false
  },
  "RG_6": {
    "mean": 26.011229779504248,
    "std": 4.646760071374257,
    "std_converged": false,
    "L2 distance with RG_5": 0.2883384665860962,
    "L2_converged": false
  },
  "RG_7": {
    "mean": 29.797761014172174,
    "std": 3.0305135113163297,
    "std_converged": false,
    "L2 distance with RG_6": 0.20678157460668464,
    "L2_converged": false
  }
}