{
  "RG_0": {
    "mean": 1.144044585828077,
    "std": 1.7839922395055774
  },
  "RG_1": {
    "mean": 2.260347535058666,
    "std": 1.9588875315157082,
    "std_converged": false,
    "L2 distance with RG_0": 0.18726391035291454,
    "L2_converged": false
  },
  "RG_2": {
    "mean": 3.741277072355353,
    "std": 2.333954586502256,
    "std_converged": false,
    "L2 distance with RG_1": 0.19293939238566513,
    "L2_converged": false
  },
  "RG_3": {
    "mean": 5.97629141821257,
    "std": 2.9108835886796496,
    "std_converged": false,
    "L2 distance with RG_2": 0.20370297635362186,
    "L2_converged": false
  },
  "RG_4": {
    "mean": 9.698298015440235,
    "std": 3.7298632355708805,
    "std_converged": false,
    "L2 distance with RG_3": 0.22450438705829212,
    "L2_converged": false
  },
  "RG_5": {
    "mean": 16.347792172594833,
    "std": 4.810228534431394,
    "std_converged": false,
    "L2 distance with RG_4": 0.252592620279205,
    "L2_converged": false
  },
  "RG_6": {
    "mean": 25.954339369460726,
    "std": 4.6603233578745265,
    "std_converged": false,
    "L2 distance with RG_5": 0.28804698115311966,
    "L2_converged": false
  },
  "RG_7": {
    "mean": 29.7918997317715,
    "std": 3.034290442527468,
    "std_converged": false,
    "L2 distance with RG_6": 0.20874218362329666,
    "L2_converged": false
  }
}