{
  "RG0": {
    "Nu": 0.0,
    "Other Nu": 0.0,
    "Slope": 0.9310286885245587,
    "Mean Slope": 0.8439613334961308,
    "R2": 0.9685062994883004,
    "Mean R2": 0.9829875193176577,
    "Peaks": [
      0.8210350000000013,
      0.818099000000001,
      0.826990000000001,
      0.8259650000000012,
      0.8302450000000011
    ],
    "Peak diffs": [
      0.0,
      0.0029360000000002717,
      0.0059549999999997105,
      0.004929999999999879,
      0.00920999999999983
    ],
    "Means": [
      1.144044585828077,
      1.1454853289680271,
      1.1483507753837685,
      1.1505372371786993,
      1.1508621048385566
    ],
    "Mean diffs": [
      0.0,
      0.0014407431399501291,
      0.004306189555691509,
      0.006492651350622269,
      0.006817519010479556
    ]
  },
  "RG1": {
    "Nu": 6.796101686614491,
    "Other Nu": 27.49672075979692,
    "Slope": 0.9030368852458828,
    "Mean Slope": 1.0255287753832105,
    "R2": 0.809060553764023,
    "Mean R2": 0.9768481603823249,
    "Peaks": [
      1.8991350000000011,
      1.9024190000000012,
      1.9080880000000011,
      1.901467000000001,
      1.909387000000001
    ],
    "Peak diffs": [
      0.0,
      0.0032840000000000646,
      0.008952999999999989,
      0.0023319999999997787,
      0.010251999999999928
    ],
    "Means": [
      2.260347535058666,
      2.2617738885088094,
      2.265297720249884,
      2.2682884414164928,
      2.26847925158807
    ],
    "Mean diffs": [
      0.0,
      0.0014263534501433028,
      0.004950185191217926,
      0.007940906357826627,
      0.00813171652940392
    ]
  },
  "RG2": {
    "Nu": 1.521698480522705,
    "Other Nu": 3.6578132938885504,
    "Slope": 0.4021147540983673,
    "Mean Slope": 1.4608162954762334,
    "R2": 0.425636496702148,
    "Mean R2": 0.9734246748797762,
    "Peaks": [
      3.500298000000001,
      3.485688000000001,
      3.4952920000000014,
      3.5020350000000007,
      3.5007390000000007
    ],
    "Peak diffs": [
      0.0,
      0.01460999999999979,
      0.0050059999999994,
      0.0017369999999998775,
      0.0004409999999999137
    ],
    "Means": [
      3.741277072355353,
      3.743353002630815,
      3.7477162468539906,
      3.752868596972335,
      3.752761672512016
    ],
    "Mean diffs": [
      0.0,
      0.0020759302754620457,
      0.006439174498637623,
      0.011591524616981985,
      0.01148460015666286
    ]
  },
  "RG3": {
    "Nu": 1.525050915921566,
    "Other Nu": 2.3357856237671153,
    "Slope": 3.9099426229508083,
    "Mean Slope": 2.435747258973592,
    "R2": 0.9342592728979373,
    "Mean R2": 0.9780671036854258,
    "Peaks": [
      5.903213000000001,
      5.9232380000000004,
      5.922356000000001,
      5.945145000000002,
      5.934349
    ],
    "Peak diffs": [
      0.0,
      0.020024999999999515,
      0.019142999999999688,
      0.04193200000000097,
      0.031135999999999164
    ],
    "Means": [
      5.97629141821257,
      5.980495099795626,
      5.98790033217612,
      5.995809007478491,
      5.995617754857731
    ],
    "Mean diffs": [
      0.0,
      0.0042036815830561736,
      0.011608913963550016,
      0.019517589265920954,
      0.019326336645161035
    ]
  },
  "RG4": {
    "Nu": 1.6099650931516014,
    "Other Nu": 1.8995210011255403,
    "Slope": 5.596504098360957,
    "Mean Slope": 4.304345959535577,
    "R2": 0.9347210264541315,
    "Mean R2": 0.9764062889795955,
    "Peaks": [
      9.860379,
      9.857694000000002,
      9.898816,
      9.897945000000004,
      9.905048
    ],
    "Peak diffs": [
      0.0,
      0.002684999999997828,
      0.038437000000000054,
      0.03756600000000354,
      0.044669000000000736
    ],
    "Means": [
      9.698298015440235,
      9.704740736888377,
      9.719210336076841,
      9.732190494516917,
      9.732322554329752
    ],
    "Mean diffs": [
      0.0,
      0.006442721448141953,
      0.020912320636606196,
      0.033892479076682136,
      0.03402453888951662
    ]
  },
  "RG5": {
    "Nu": 1.482112438832536,
    "Other Nu": 1.6730433747858395,
    "Slope": 10.364389344262252,
    "Mean Slope": 7.936845232620928,
    "R2": 0.9725172307653582,
    "Mean R2": 0.9777374868102673,
    "Peaks": [
      16.779029,
      16.806035,
      16.842616,
      16.868652000000004,
      16.861054
    ],
    "Peak diffs": [
      0.0,
      0.027006000000000085,
      0.06358699999999828,
      0.08962300000000312,
      0.08202499999999802
    ],
    "Means": [
      16.347792172594833,
      16.359822630416385,
      16.386083753607494,
      16.409941409166535,
      16.410788895159218
    ],
    "Mean diffs": [
      0.0,
      0.012030457821552432,
      0.03829158101266117,
      0.06214923657170246,
      0.06299672256438527
    ]
  },
  "RG6": {
    "Nu": 1.4423091815850553,
    "Other Nu": 2.112100952583083,
    "Slope": 17.876540983606827,
    "Mean Slope": 7.164039556872456,
    "R2": 0.9711016122538714,
    "Mean R2": 0.9780675015083458,
    "Peaks": [
      28.152981999999998,
      28.195336000000005,
      28.269458000000004,
      28.301667,
      28.295413000000003
    ],
    "Peak diffs": [
      0.0,
      0.042354000000006664,
      0.1164760000000058,
      0.1486850000000004,
      0.14243100000000553
    ],
    "Means": [
      25.954339369460726,
      25.965764940169638,
      25.98821226065784,
      26.010910668201273,
      26.011229779504248
    ],
    "Mean diffs": [
      0.0,
      0.011425570708912147,
      0.03387289119711312,
      0.056571298740546894,
      0.05689041004352191
    ]
  },
  "RG7": {
    "Nu": 4.011940623167783,
    "Other Nu": 14.899757701838162,
    "Slope": 0.29837704918010066,
    "Mean Slope": 0.7220615383552225,
    "R2": 0.9034933375039892,
    "Mean R2": 0.9847141028107131,
    "Peaks": [
      30.116324000000002,
      30.116371000000004,
      30.118598000000002,
      30.118223,
      30.113940000000003
    ],
    "Peak diffs": [
      0.0,
      4.700000000212867e-05,
      0.0022739999999998872,
      0.0018989999999980967,
      0.0023839999999992756
    ],
    "Means": [
      29.7918997317715,
      29.793418236557915,
      29.79572507618505,
      29.797621303008658,
      29.797761014172174
    ],
    "Mean diffs": [
      0.0,
      0.0015185047864143542,
      0.003825344413549203,
      0.005721571237156553,
      0.0058612824006729625
    ]
  }
}