{
  "RG_0": {
    "mean": 1.0882478150442274,
    "std": 1.709220048381259
  },
  "RG_1": {
    "mean": 1.1271106475427095,
    "std": 1.760556177220409,
    "std_converged": false,
    "L2 distance with RG_0": 4.907310734575014e-06,
    "L2_converged": true
  },
  "RG_2": {
    "mean": 1.1387899241911146,
    "std": 1.7765845820906667,
    "std_converged": false,
    "L2 distance with RG_1": 3.0334603796001747e-06,
    "L2_converged": true
  },
  "RG_3": {
    "mean": 1.1422067429644376,
    "std": 1.7811415353674154,
    "std_converged": false,
    "L2 distance with RG_2": 2.6766047865636493e-06,
    "L2_converged": true
  },
  "RG_4": {
    "mean": 1.143128069427576,
    "std": 1.7831565864980046,
    "std_converged": false,
    "L2 distance with RG_3": 2.610419492844942e-06,
    "L2_converged": true
  },
  "RG_5": {
    "mean": 1.1439169578304784,
    "std": 1.783558408734154,
    "std_converged": true,
    "L2 distance with RG_4": 2.5922998591647277e-06,
    "L2_converged": true
  },
  "RG_6": {
    "mean": 1.1438762023097946,
    "std": 1.7840195829946495,
    "std_converged": true,
    "L2 distance with RG_5": 2.5953498512354634e-06,
    "L2_converged": true
  },
  "RG_7": {
    "mean": 1.1442082832817444,
    "std": 1.783738978622573,
    "std_converged": true,
    "L2 distance with RG_6": 2.6086239602549353e-06,
    "L2_converged": true
  }
}