{
  "RG_0": {
    "mean": 1.1102230246251565e-15,
    "std": 2.0265513445324737
  },
  "RG_1": {
    "mean": 9.992007221626409e-16,
    "std": 2.090324198308605,
    "std_converged": false,
    "L2 distance with RG_0": 0.010659336886869188,
    "L2_converged": false
  },
  "RG_2": {
    "mean": 9.992007221626409e-16,
    "std": 2.110621969451239,
    "std_converged": false,
    "L2 distance with RG_1": 0.0043073267842222845,
    "L2_converged": false
  },
  "RG_3": {
    "mean": 8.881784197001252e-16,
    "std": 2.116380033585658,
    "std_converged": false,
    "L2 distance with RG_2": 0.0032216038096890614,
    "L2_converged": false
  },
  "RG_4": {
    "mean": 1.1102230246251565e-15,
    "std": 2.118041117728337,
    "std_converged": false,
    "L2 distance with RG_3": 0.0031607864649173725,
    "L2_converged": false
  },
  "RG_5": {
    "mean": 1.1102230246251565e-15,
    "std": 2.1188903813644133,
    "std_converged": false,
    "L2 distance with RG_4": 0.003178911714570013,
    "L2_converged": false
  },
  "RG_6": {
    "mean": 8.881784197001252e-16,
    "std": 2.1189078094894667,
    "std_converged": true,
    "L2 distance with RG_5": 0.0031492179662298407,
    "L2_converged": false
  },
  "RG_7": {
    "mean": 8.881784197001252e-16,
    "std": 2.119346094864456,
    "std_converged": true,
    "L2 distance with RG_6": 0.0031176354893677864,
    "L2_converged": false
  }
}