{
  "RG_0": {
    "mean": 1.1023794995335817e-15,
    "std": 2.0262445985241224
  },
  "RG_1": {
    "mean": 9.616907151264315e-16,
    "std": 2.0905869211461607,
    "std_converged": false,
    "L2 distance with RG_0": 2.255336861148289e-06,
    "L2_converged": true
  },
  "RG_2": {
    "mean": 1.1585809826168518e-15,
    "std": 2.110273144417056,
    "std_converged": false,
    "L2 distance with RG_1": 1.3626047757688803e-06,
    "L2_converged": true
  },
  "RG_3": {
    "mean": 1.0498050115304546e-15,
    "std": 2.1163469983499104,
    "std_converged": false,
    "L2 distance with RG_2": 1.1513526711933887e-06,
    "L2_converged": true
  },
  "RG_4": {
    "mean": 1.2294861106315093e-15,
    "std": 2.1183110031553505,
    "std_converged": false,
    "L2 distance with RG_3": 1.1470477206753126e-06,
    "L2_converged": true
  },
  "RG_5": {
    "mean": 9.923185794661997e-16,
    "std": 2.1192817072412953,
    "std_converged": false,
    "L2 distance with RG_4": 1.139927543189134e-06,
    "L2_converged": true
  },
  "RG_6": {
    "mean": 9.339783381911125e-16,
    "std": 2.1190950139894404,
    "std_converged": true,
    "L2 distance with RG_5": 1.128852425847749e-06,
    "L2_converged": true
  },
  "RG_7": {
    "mean": 1.1417292621312275e-15,
    "std": 2.1190964338496103,
    "std_converged": true,
    "L2 distance with RG_6": 1.141393917400217e-06,
    "L2_converged": true
  }
}