{
  "RG_0": {
    "mean": 9.992007221626409e-16,
    "std": 2.026244598524123
  },
  "RG_1": {
    "mean": 8.881784197001252e-16,
    "std": 2.0905869211461607,
    "std_converged": false,
    "L2 distance with RG_0": 2.255336861148291e-06,
    "L2_converged": true
  },
  "RG_2": {
    "mean": 9.992007221626409e-16,
    "std": 2.1102731444170564,
    "std_converged": false,
    "L2 distance with RG_1": 1.362604775768877e-06,
    "L2_converged": true
  },
  "RG_3": {
    "mean": 1.1102230246251565e-15,
    "std": 2.11634699834991,
    "std_converged": false,
    "L2 distance with RG_2": 1.1513526711933925e-06,
    "L2_converged": true
  },
  "RG_4": {
    "mean": 9.992007221626409e-16,
    "std": 2.1183110031553505,
    "std_converged": false,
    "L2 distance with RG_3": 1.147047720675312e-06,
    "L2_converged": true
  },
  "RG_5": {
    "mean": 1.1102230246251565e-15,
    "std": 2.1192817072412953,
    "std_converged": false,
    "L2 distance with RG_4": 1.1399275431891346e-06,
    "L2_converged": true
  },
  "RG_6": {
    "mean": 1.1102230246251565e-15,
    "std": 2.1190950139894404,
    "std_converged": true,
    "L2 distance with RG_5": 1.1288524258477487e-06,
    "L2_converged": true
  },
  "RG_7": {
    "mean": 1.2212453270876722e-15,
    "std": 2.1190964338496108,
    "std_converged": true,
    "L2 distance with RG_6": 1.141393917400217e-06,
    "L2_converged": true
  }
}