{
  "RG_0": {
    "mean": 1.0883747438349853,
    "std": 1.7091248023565497
  },
  "RG_1": {
    "mean": 1.12711519319581,
    "std": 1.7607285469755292,
    "std_converged": false,
    "L2 distance with RG_0": 2.4649338860286287e-06,
    "L2_converged": true
  },
  "RG_2": {
    "mean": 1.1388444922905268,
    "std": 1.7765939227711502,
    "std_converged": false,
    "L2 distance with RG_1": 1.5202796143025293e-06,
    "L2_converged": true
  },
  "RG_3": {
    "mean": 1.1422326703383268,
    "std": 1.78163664764633,
    "std_converged": false,
    "L2 distance with RG_2": 1.3189817809032206e-06,
    "L2_converged": true
  },
  "RG_4": {
    "mean": 1.143385264102311,
    "std": 1.7832306760267216,
    "std_converged": false,
    "L2 distance with RG_3": 1.2995047085461236e-06,
    "L2_converged": true
  },
  "RG_5": {
    "mean": 1.1440437749421408,
    "std": 1.7839615454554276,
    "std_converged": false,
    "L2 distance with RG_4": 1.2919808287821934e-06,
    "L2_converged": true
  },
  "RG_6": {
    "mean": 1.143999746466793,
    "std": 1.7837679945550156,
    "std_converged": true,
    "L2 distance with RG_5": 1.2906249735189729e-06,
    "L2_converged": true
  },
  "RG_7": {
    "mean": 1.1437511027070304,
    "std": 1.7839291216330855,
    "std_converged": true,
    "L2 distance with RG_6": 1.294011746424294e-06,
    "L2_converged": true
  }
}