{
  "RG_0": {
    "mean": 1.127961588606556e-15,
    "std": 2.0262094821562053
  },
  "RG_1": {
    "mean": 1.0538597582489609e-15,
    "std": 2.0904748270683133,
    "std_converged": false,
    "L2 distance with RG_0": 0.010704013931723955,
    "L2_converged": false
  },
  "RG_2": {
    "mean": 1.0309102475760529e-15,
    "std": 2.1104926729793583,
    "std_converged": false,
    "L2 distance with RG_1": 0.004332668696251513,
    "L2_converged": false
  },
  "RG_3": {
    "mean": 1.0863519421056358e-15,
    "std": 2.1168901782290233,
    "std_converged": false,
    "L2 distance with RG_2": 0.003237218782109246,
    "L2_converged": false
  },
  "RG_4": {
    "mean": 9.334760476533907e-16,
    "std": 2.118577561273091,
    "std_converged": false,
    "L2 distance with RG_3": 0.0031323931649984583,
    "L2_converged": false
  },
  "RG_5": {
    "mean": 1.096335072421975e-15,
    "std": 2.1192467818316594,
    "std_converged": false,
    "L2 distance with RG_4": 0.0031480710612984963,
    "L2_converged": false
  },
  "RG_6": {
    "mean": 1.0776817128575408e-15,
    "std": 2.119137114129558,
    "std_converged": true,
    "L2 distance with RG_5": 0.0031153742622714816,
    "L2_converged": false
  },
  "RG_7": {
    "mean": 1.1021025197598296e-15,
    "std": 2.1187914894932884,
    "std_converged": true,
    "L2 distance with RG_6": 0.003105008297701921,
    "L2_converged": false
  }
}