{
  "RG_0": {
    "mean": 9.992007221626409e-16,
    "std": 2.0262094821562058
  },
  "RG_1": {
    "mean": 1.1102230246251565e-15,
    "std": 2.090474827068313,
    "std_converged": false,
    "L2 distance with RG_0": 0.010704013931723955,
    "L2_converged": false
  },
  "RG_2": {
    "mean": 8.881784197001252e-16,
    "std": 2.110492672979358,
    "std_converged": false,
    "L2 distance with RG_1": 0.004332668696251512,
    "L2_converged": false
  },
  "RG_3": {
    "mean": 1.2212453270876722e-15,
    "std": 2.1168901782290233,
    "std_converged": false,
    "L2 distance with RG_2": 0.0032372187821092463,
    "L2_converged": false
  },
  "RG_4": {
    "mean": 9.992007221626409e-16,
    "std": 2.118577561273091,
    "std_converged": false,
    "L2 distance with RG_3": 0.0031323931649984583,
    "L2_converged": false
  },
  "RG_5": {
    "mean": 9.992007221626409e-16,
    "std": 2.1192467818316594,
    "std_converged": false,
    "L2 distance with RG_4": 0.003148071061298496,
    "L2_converged": false
  },
  "RG_6": {
    "mean": 8.881784197001252e-16,
    "std": 2.119137114129558,
    "std_converged": true,
    "L2 distance with RG_5": 0.0031153742622714816,
    "L2_converged": false
  },
  "RG_7": {
    "mean": 8.881784197001252e-16,
    "std": 2.1187914894932884,
    "std_converged": true,
    "L2 distance with RG_6": 0.0031050082977019215,
    "L2_converged": false
  }
}