{
  "RG_0": {
    "mean": 1.1479693864739613,
    "std": 1.7848536577103802
  },
  "RG_1": {
    "mean": 2.2653458743372075,
    "std": 1.9600725212157288,
    "std_converged": false,
    "L2 distance with RG_0": 0.18722921495077569,
    "L2_converged": false
  },
  "RG_2": {
    "mean": 3.7482704334391506,
    "std": 2.335852461204483,
    "std_converged": false,
    "L2 distance with RG_1": 0.19294668212123764,
    "L2_converged": false
  },
  "RG_3": {
    "mean": 5.988561700724088,
    "std": 2.9132888761130307,
    "std_converged": false,
    "L2 distance with RG_2": 0.20389223854112126,
    "L2_converged": false
  },
  "RG_4": {
    "mean": 9.720147253331985,
    "std": 3.7338088127471165,
    "std_converged": false,
    "L2 distance with RG_3": 0.22470853034882007,
    "L2_converged": false
  },
  "RG_5": {
    "mean": 16.386050812403646,
    "std": 4.8151173917937005,
    "std_converged": false,
    "L2 distance with RG_4": 0.2527289535916074,
    "L2_converged": false
  },
  "RG_6": {
    "mean": 25.989041604715904,
    "std": 4.652092451376175,
    "std_converged": false,
    "L2 distance with RG_5": 0.2882495732417037,
    "L2_converged": false
  },
  "RG_7": {
    "mean": 29.79491384705578,
    "std": 3.0328742030796434,
    "std_converged": false,
    "L2 distance with RG_6": 0.20750170044623997,
    "L2_converged": false
  }
}