{
  "RG_0": {
    "mean": 1.143850284119867,
    "std": 1.7839187255247937
  },
  "RG_1": {
    "mean": 2.2601903890061266,
    "std": 1.958812266294408,
    "std_converged": false,
    "L2 distance with RG_0": 0.18731238372310172,
    "L2_converged": false
  },
  "RG_2": {
    "mean": 3.7408617936522846,
    "std": 2.3336872340386186,
    "std_converged": false,
    "L2 distance with RG_1": 0.19281158323353637,
    "L2_converged": false
  },
  "RG_3": {
    "mean": 5.976509886705213,
    "std": 2.9103502254078606,
    "std_converged": false,
    "L2 distance with RG_2": 0.20381067915044013,
    "L2_converged": false
  },
  "RG_4": {
    "mean": 9.699271569959917,
    "std": 3.7293264120522593,
    "std_converged": false,
    "L2 distance with RG_3": 0.22460542296772962,
    "L2_converged": false
  },
  "RG_5": {
    "mean": 16.3500224766039,
    "std": 4.81112342375001,
    "std_converged": false,
    "L2 distance with RG_4": 0.2526275818588353,
    "L2_converged": false
  },
  "RG_6": {
    "mean": 25.95442585352647,
    "std": 4.659792246843805,
    "std_converged": false,
    "L2 distance with RG_5": 0.28800435473928593,
    "L2_converged": false
  },
  "RG_7": {
    "mean": 29.792698772027602,
    "std": 3.0344654220610843,
    "std_converged": false,
    "L2 distance with RG_6": 0.20876856042309583,
    "L2_converged": false
  }
}