{
  "RG0": {
    "Nu": 0.0,
    "Other Nu": 0.0,
    "Slope": 1.9015864553510575,
    "Mean Slope": 0.8273967464255383,
    "R2": 0.6077287904035875,
    "Mean R2": 0.9999968135786212,
    "Peaks": [
      -24.192092438124263,
      -24.23499257133593,
      -24.17754679086725
    ],
    "Peak diffs": [
      0.0,
      0.04290013321166697,
      0.014545647257012462
    ],
    "Means": [
      1.143850284119867,
      1.1479693864739613,
      1.1512982303283148
    ],
    "Mean diffs": [
      0.0,
      0.004119102354094295,
      0.007447946208447798
    ]
  },
  "RG1": {
    "Nu": 0.2160142838226908,
    "Other Nu": 58.51117498815002,
    "Slope": 24.749431783919775,
    "Mean Slope": 1.0119168533697906,
    "R2": 0.9977819230153768,
    "Mean R2": 0.9999393046713015,
    "Peaks": [
      -22.992998824638015,
      -23.102924485249737,
      -23.21680690287082
    ],
    "Peak diffs": [
      0.0,
      0.10992566061172226,
      0.2238080782328069
    ],
    "Means": [
      2.2601903890061266,
      2.2653458743372075,
      2.2692902636815138
    ],
    "Mean diffs": [
      0.0,
      0.0051554853310809,
      0.009099874675387198
    ]
  },
  "RG2": {
    "Nu": 0.5405028725432725,
    "Other Nu": 4.441300507852697,
    "Slope": 12.998361353974559,
    "Mean Slope": 1.3663419134984105,
    "R2": 0.9778693751561784,
    "Mean R2": 0.9988279914548646,
    "Peaks": [
      -21.56994321610728,
      -21.527047518047386,
      -21.45125826325151
    ],
    "Peak diffs": [
      0.0,
      0.042895698059894016,
      0.11868495285576941
    ],
    "Means": [
      3.7408617936522846,
      3.7482704334391506,
      3.753114491626126
    ],
    "Mean diffs": [
      0.0,
      0.0074086397868660114,
      0.012252697973841542
    ]
  },
  "RG3": {
    "Nu": 0.5573699382757119,
    "Other Nu": 2.744060611777075,
    "Slope": 41.712897055165634,
    "Mean Slope": 2.133571282295366,
    "R2": 0.995454864302992,
    "Mean R2": 0.9972883036018777,
    "Peaks": [
      -19.44619966972692,
      -19.202292358932628,
      -19.073502275116464
    ],
    "Peak diffs": [
      0.0,
      0.24390731079429173,
      0.37269739461045504
    ],
    "Means": [
      5.976509886705213,
      5.988561700724088,
      5.9956055699683795
    ],
    "Mean diffs": [
      0.0,
      0.012051814018875007,
      0.01909568326316613
    ]
  },
  "RG4": {
    "Nu": 0.8326304845005553,
    "Other Nu": 2.1509843754932576,
    "Slope": 27.935966456090576,
    "Mean Slope": 3.6291047366873475,
    "R2": 0.929757106701868,
    "Mean R2": 0.9963860903015245,
    "Peaks": [
      -15.155104125565936,
      -15.09779219600021,
      -14.897344434944603
    ],
    "Peak diffs": [
      0.0,
      0.05731192956572606,
      0.25775969062133264
    ],
    "Means": [
      9.699271569959917,
      9.720147253331985,
      9.731723500306362
    ],
    "Mean diffs": [
      0.0,
      0.020875683372068465,
      0.032451930346445224
    ]
  },
  "RG5": {
    "Nu": 1.7740261366610588,
    "Other Nu": 1.837325865149208,
    "Slope": 7.0540302622968865,
    "Mean Slope": 6.594879640668968,
    "R2": 0.7995708245719436,
    "Mean R2": 0.9985953205516541,
    "Peaks": [
      -7.901329576302939,
      -7.900925398090044,
      -7.967497846594272
    ],
    "Peak diffs": [
      0.0,
      0.00040417821289562283,
      0.06616827029133265
    ],
    "Means": [
      16.3500224766039,
      16.386050812403646,
      16.409141475093275
    ],
    "Mean diffs": [
      0.0,
      0.03602833579974529,
      0.05911899848937452
    ]
  },
  "RG6": {
    "Nu": 2.016757162844033,
    "Other Nu": 2.269899751267291,
    "Slope": 0.12717851665232768,
    "Mean Slope": 6.24754132948062,
    "R2": 0.976280087281028,
    "Mean R2": 0.9980978323026686,
    "Peaks": [
      -0.12401836967921476,
      -0.12312177280053038,
      -0.12289381720591479
    ],
    "Peak diffs": [
      0.0,
      0.0008965968786843748,
      0.0011245524732999695
    ],
    "Means": [
      25.95442585352647,
      25.989041604715904,
      26.01039387591164
    ],
    "Mean diffs": [
      0.0,
      0.03461575118943472,
      0.05596802238516929
    ]
  },
  "RG7": {
    "Nu": 1.2385647738377488,
    "Other Nu": 7.397740123324353,
    "Slope": 0.019891518163982373,
    "Mean Slope": 0.5189851215396764,
    "R2": 0.8038029594140604,
    "Mean R2": 0.9961418650241529,
    "Peaks": [
      -0.062085813762202256,
      -0.06234660767467476,
      -0.06225242693939713
    ],
    "Peak diffs": [
      0.0,
      0.00026079391247250255,
      0.00016661317719487284
    ],
    "Means": [
      29.792698772027602,
      29.79491384705578,
      29.797398857396807
    ],
    "Mean diffs": [
      0.0,
      0.002215075028178859,
      0.004700085369204743
    ]
  }
}