{
  "RG_0": {
    "mean": 5.551115123125783e-16,
    "std": 2.0261115749097693
  },
  "RG_1": {
    "mean": 3.3306690738754696e-16,
    "std": 2.0902052748116557,
    "std_converged": false,
    "L2 distance with RG_0": 4.474347520391069e-06,
    "L2_converged": true
  },
  "RG_2": {
    "mean": 6.661338147750939e-16,
    "std": 2.1102801594112384,
    "std_converged": false,
    "L2 distance with RG_1": 2.7120896323824438e-06,
    "L2_converged": true
  },
  "RG_3": {
    "mean": 1.1102230246251565e-16,
    "std": 2.1166331580794613,
    "std_converged": false,
    "L2 distance with RG_2": 2.349838411817358e-06,
    "L2_converged": true
  },
  "RG_4": {
    "mean": 1.1102230246251565e-16,
    "std": 2.117773020311507,
    "std_converged": false,
    "L2 distance with RG_3": 2.2759976637499e-06,
    "L2_converged": true
  },
  "RG_5": {
    "mean": 4.440892098500626e-16,
    "std": 2.1185352996980984,
    "std_converged": false,
    "L2 distance with RG_4": 2.2830605921094498e-06,
    "L2_converged": true
  },
  "RG_6": {
    "mean": -2.220446049250313e-16,
    "std": 2.118902247461574,
    "std_converged": true,
    "L2 distance with RG_5": 2.282488190579833e-06,
    "L2_converged": true
  },
  "RG_7": {
    "mean": -3.3306690738754696e-16,
    "std": 2.1189260251621613,
    "std_converged": true,
    "L2 distance with RG_6": 2.273788889372827e-06,
    "L2_converged": true
  },
  "RG_8": {
    "mean": 9.992007221626409e-16,
    "std": 2.11896250726635,
    "std_converged": true,
    "L2 distance with RG_7": 2.2536023355551916e-06,
    "L2_converged": true
  },
  "RG_9": {
    "mean": 6.661338147750939e-16,
    "std": 2.1185458684070024,
    "std_converged": true,
    "L2 distance with RG_8": 2.2907568012009413e-06,
    "L2_converged": true
  },
  "RG_10": {
    "mean": 2.220446049250313e-16,
    "std": 2.118847137770513,
    "std_converged": true,
    "L2 distance with RG_9": 2.2972675230991817e-06,
    "L2_converged": true
  },
  "RG_11": {
    "mean": 1.1102230246251565e-16,
    "std": 2.118510234303104,
    "std_converged": true,
    "L2 distance with RG_10": 2.2788353660138323e-06,
    "L2_converged": true
  }
}