{
  "RG_0": {
    "mean": 1.088310648132798,
    "std": 1.7090079131309244
  },
  "RG_1": {
    "mean": 1.1269657799291637,
    "std": 1.7603710466032787,
    "std_converged": false,
    "L2 distance with RG_0": 4.892550922695299e-06,
    "L2_converged": true
  },
  "RG_2": {
    "mean": 1.1388246167626244,
    "std": 1.7766149958446782,
    "std_converged": false,
    "L2 distance with RG_1": 3.045359533451938e-06,
    "L2_converged": true
  },
  "RG_3": {
    "mean": 1.1425842079480812,
    "std": 1.78175117612676,
    "std_converged": false,
    "L2 distance with RG_2": 2.6571836761494943e-06,
    "L2_converged": true
  },
  "RG_4": {
    "mean": 1.1429579452451546,
    "std": 1.782865586902248,
    "std_converged": false,
    "L2 distance with RG_3": 2.599348298310015e-06,
    "L2_converged": true
  },
  "RG_5": {
    "mean": 1.143319769407823,
    "std": 1.7835390999213208,
    "std_converged": false,
    "L2 distance with RG_4": 2.587862728400961e-06,
    "L2_converged": true
  },
  "RG_6": {
    "mean": 1.1440877569726269,
    "std": 1.7834825310731408,
    "std_converged": true,
    "L2 distance with RG_5": 2.594076487557499e-06,
    "L2_converged": true
  },
  "RG_7": {
    "mean": 1.1436909993462754,
    "std": 1.7837652306634508,
    "std_converged": true,
    "L2 distance with RG_6": 2.6013604192537222e-06,
    "L2_converged": true
  },
  "RG_8": {
    "mean": 1.1436815291847626,
    "std": 1.7838146391937981,
    "std_converged": true,
    "L2 distance with RG_7": 2.590170599502942e-06,
    "L2_converged": true
  },
  "RG_9": {
    "mean": 1.143454918713359,
    "std": 1.7834650109869297,
    "std_converged": true,
    "L2 distance with RG_8": 2.595721806167356e-06,
    "L2_converged": true
  },
  "RG_10": {
    "mean": 1.1436754597502499,
    "std": 1.7836814838987798,
    "std_converged": true,
    "L2 distance with RG_9": 2.6134144258912874e-06,
    "L2_converged": true
  },
  "RG_11": {
    "mean": 1.1435482968919441,
    "std": 1.783362808158376,
    "std_converged": true,
    "L2 distance with RG_10": 2.585209341270396e-06,
    "L2_converged": true
  }
}