{
  "RG_0": {
    "mean": 6.666886213555455e-16,
    "std": 2.025915317007736
  },
  "RG_1": {
    "mean": 4.998807289868616e-16,
    "std": 2.090235681272171,
    "std_converged": false,
    "L2 distance with RG_0": 4.489801962240917e-06,
    "L2_converged": true
  },
  "RG_2": {
    "mean": 4.43820700405783e-16,
    "std": 2.1100399458698242,
    "std_converged": false,
    "L2 distance with RG_1": 2.6882241513501024e-06,
    "L2_converged": true
  },
  "RG_3": {
    "mean": 4.435725197522375e-16,
    "std": 2.1164105249553105,
    "std_converged": false,
    "L2 distance with RG_2": 2.3361291660287243e-06,
    "L2_converged": true
  },
  "RG_4": {
    "mean": 4.507528180461122e-16,
    "std": 2.118478720293467,
    "std_converged": false,
    "L2 distance with RG_3": 2.295240937875711e-06,
    "L2_converged": true
  },
  "RG_5": {
    "mean": 4.369495691376561e-16,
    "std": 2.118818127266876,
    "std_converged": true,
    "L2 distance with RG_4": 2.299608900053366e-06,
    "L2_converged": true
  },
  "RG_6": {
    "mean": 6.222363322836398e-16,
    "std": 2.1189676284929613,
    "std_converged": true,
    "L2 distance with RG_5": 2.280474792549508e-06,
    "L2_converged": true
  },
  "RG_7": {
    "mean": 6.244064306945053e-16,
    "std": 2.1189329932699774,
    "std_converged": true,
    "L2 distance with RG_6": 2.2927430218810152e-06,
    "L2_converged": true
  }
}