{
  "RG_0": {
    "mean": 1.0882592008516965,
    "std": 1.7088080007561364
  },
  "RG_1": {
    "mean": 1.1269015419005277,
    "std": 1.7604482719255201,
    "std_converged": false,
    "L2 distance with RG_0": 4.9036691796017714e-06,
    "L2_converged": true
  },
  "RG_2": {
    "mean": 1.1385001367384653,
    "std": 1.776537647170143,
    "std_converged": false,
    "L2 distance with RG_1": 3.026450134835174e-06,
    "L2_converged": true
  },
  "RG_3": {
    "mean": 1.1422520819106712,
    "std": 1.7816996636673503,
    "std_converged": false,
    "L2 distance with RG_2": 2.646269459988764e-06,
    "L2_converged": true
  },
  "RG_4": {
    "mean": 1.1438543028911135,
    "std": 1.783129109765676,
    "std_converged": false,
    "L2 distance with RG_3": 2.5966689748363302e-06,
    "L2_converged": true
  },
  "RG_5": {
    "mean": 1.143797879566526,
    "std": 1.783568520448214,
    "std_converged": true,
    "L2 distance with RG_4": 2.6145111265628128e-06,
    "L2_converged": true
  },
  "RG_6": {
    "mean": 1.1437791826730663,
    "std": 1.7837581091293786,
    "std_converged": true,
    "L2 distance with RG_5": 2.603280915228846e-06,
    "L2_converged": true
  },
  "RG_7": {
    "mean": 1.1437040273209276,
    "std": 1.7837651549063176,
    "std_converged": true,
    "L2 distance with RG_6": 2.6003097410564408e-06,
    "L2_converged": true
  }
}