{
  "RG_0": {
    "mean": 1.1488808377619624,
    "std": 1.7851738374488784
  },
  "RG_1": {
    "mean": 2.2657942819729557,
    "std": 1.9604258888389132,
    "std_converged": false,
    "L2 distance with RG_0": 0.1872339220588363,
    "L2_converged": false
  },
  "RG_2": {
    "mean": 3.748614971499696,
    "std": 2.3360471799324976,
    "std_converged": false,
    "L2 distance with RG_1": 0.19289449195503583,
    "L2_converged": false
  },
  "RG_3": {
    "mean": 5.988918417103188,
    "std": 2.9137366943459067,
    "std_converged": false,
    "L2 distance with RG_2": 0.2038852305174929,
    "L2_converged": false
  },
  "RG_4": {
    "mean": 9.72182460577469,
    "std": 3.7327447987339233,
    "std_converged": false,
    "L2 distance with RG_3": 0.22483035377774657,
    "L2_converged": false
  },
  "RG_5": {
    "mean": 16.053584077010147,
    "std": 4.498902904961836,
    "std_converged": false,
    "L2 distance with RG_4": 0.25546801099461186,
    "L2_converged": false
  },
  "RG_6": {
    "mean": 21.156625912530043,
    "std": 3.27464859449644,
    "std_converged": false,
    "L2 distance with RG_5": 0.2941896492743468,
    "L2_converged": false
  },
  "RG_7": {
    "mean": 22.627603746347262,
    "std": 2.3139223510993703,
    "std_converged": false,
    "L2 distance with RG_6": 0.1773768072242293,
    "L2_converged": false
  }
}