{
  "RG_0": {
    "mean": 1.1519026884123433,
    "std": 1.7858115099007577
  },
  "RG_1": {
    "mean": 2.269510641149174,
    "std": 1.9611801604401382,
    "std_converged": false,
    "L2 distance with RG_0": 0.18723771609338893,
    "L2_converged": false
  },
  "RG_2": {
    "mean": 3.754142192721578,
    "std": 2.337849844721742,
    "std_converged": false,
    "L2 distance with RG_1": 0.19292373999977283,
    "L2_converged": false
  },
  "RG_3": {
    "mean": 5.996808249847307,
    "std": 2.916060486419589,
    "std_converged": false,
    "L2 distance with RG_2": 0.203797010555359,
    "L2_converged": false
  },
  "RG_4": {
    "mean": 9.732048621423017,
    "std": 3.735418144564183,
    "std_converged": false,
    "L2 distance with RG_3": 0.22467744095159725,
    "L2_converged": false
  },
  "RG_5": {
    "mean": 16.067687544449612,
    "std": 4.499400839561491,
    "std_converged": false,
    "L2 distance with RG_4": 0.255483205751141,
    "L2_converged": false
  },
  "RG_6": {
    "mean": 21.16135528154534,
    "std": 3.2729275201568413,
    "std_converged": false,
    "L2 distance with RG_5": 0.2940715427643514,
    "L2_converged": false
  },
  "RG_7": {
    "mean": 22.627657816492032,
    "std": 2.315268854504874,
    "std_converged": false,
    "L2 distance with RG_6": 0.17702752263899282,
    "L2_converged": false
  }
}