{
  "RG_0": {
    "mean": 1.143431685006245,
    "std": 1.7836738648018773
  },
  "RG_1": {
    "mean": 2.2595654371529132,
    "std": 1.9582871703959879,
    "std_converged": false,
    "L2 distance with RG_0": 0.18743285059003328,
    "L2_converged": false
  },
  "RG_2": {
    "mean": 3.7407365725276183,
    "std": 2.3337600981164206,
    "std_converged": false,
    "L2 distance with RG_1": 0.19298611391599302,
    "L2_converged": false
  },
  "RG_3": {
    "mean": 5.976345835644088,
    "std": 2.910623247962185,
    "std_converged": false,
    "L2 distance with RG_2": 0.2037951638669629,
    "L2_converged": false
  },
  "RG_4": {
    "mean": 9.698141592320162,
    "std": 3.7284698206204676,
    "std_converged": false,
    "L2 distance with RG_3": 0.22458768085902878,
    "L2_converged": false
  },
  "RG_5": {
    "mean": 16.017743849654913,
    "std": 4.498991416238621,
    "std_converged": false,
    "L2 distance with RG_4": 0.25520397434916314,
    "L2_converged": false
  },
  "RG_6": {
    "mean": 21.144665837111162,
    "std": 3.2814298775560133,
    "std_converged": false,
    "L2 distance with RG_5": 0.2945099875309278,
    "L2_converged": false
  },
  "RG_7": {
    "mean": 22.62331100831141,
    "std": 2.3162325633319503,
    "std_converged": false,
    "L2 distance with RG_6": 0.17763638437705717,
    "L2_converged": false
  }
}