{
  "RG_0": {
    "mean": 0.510447749625,
    "std": 0.24159882374242495
  },
  "RG_1": {
    "L2 distance with RG_0": 0.5867235466083854,
    "Mean squared distance with RG_0": 0.4714568823838291,
    "L2_converged": false,
    "MSD converged": false,
    "mean": 0.3649224101083334,
    "std": 0.23392378932380672,
    "std_converged": false
  },
  "RG_2": {
    "L2 distance with RG_1": 0.8667661339247681,
    "Mean squared distance with RG_1": 0.4705830981783556,
    "L2_converged": false,
    "MSD converged": false,
    "mean": 0.22826602945000002,
    "std": 0.20936944543131183,
    "std_converged": false
  },
  "RG_3": {
    "L2 distance with RG_2": 1.7909723758900111,
    "Mean squared distance with RG_2": 0.5052879986254623,
    "L2_converged": false,
    "MSD converged": false,
    "mean": 0.11329542961666668,
    "std": 0.1591140491945686,
    "std_converged": false
  },
  "RG_4": {
    "L2 distance with RG_3": 5.791722225350904,
    "Mean squared distance with RG_3": 0.5763098334953317,
    "L2_converged": false,
    "MSD converged": false,
    "mean": 0.036569074033333336,
    "std": 0.09092141025089334,
    "std_converged": false
  },
  "RG_5": {
    "L2 distance with RG_4": 18.381672198785935,
    "Mean squared distance with RG_4": 0.6988308268369471,
    "L2_converged": false,
    "MSD converged": false,
    "mean": 0.0053684569583333334,
    "std": 0.031733749597285046,
    "std_converged": false
  },
  "RG_6": {
    "L2 distance with RG_5": 9.204097317979858,
    "Mean squared distance with RG_5": 0.6826973899681437,
    "L2_converged": false,
    "MSD converged": false,
    "mean": 0.0006334349000000001,
    "std": 0.004931198055320362,
    "std_converged": false
  },
  "RG_7": {
    "L2 distance with RG_6": 0.45325766729204836,
    "Mean squared distance with RG_6": 0.1608365868415217,
    "L2_converged": false,
    "MSD converged": false,
    "mean": 0.0005034711666666667,
    "std": 0.0007201992323901114,
    "std_converged": false
  }
}