{
  "RG0": {
    "Nu": 0.0,
    "Other Nu": 0.0,
    "Slope": 5.259749848884305,
    "Mean Slope": 0.9473130904507933,
    "R2": 0.7203404096949393,
    "Mean R2": 0.9963867979340585,
    "Peaks": [
      0.7585633039733227,
      0.8447219209741454,
      0.8012964474012506
    ],
    "Peak diffs": [
      0.0,
      0.08615861700082272,
      0.04273314342792789
    ],
    "Means": [
      1.143431685006245,
      1.1488808377619624,
      1.1519026884123433
    ],
    "Mean diffs": [
      0.0,
      0.005449152755717446,
      0.00847100340609841
    ]
  },
  "RG1": {
    "Nu": 0.39975007469497786,
    "Other Nu": 6.5968570777697995,
    "Slope": 5.662986182673732,
    "Mean Slope": 1.1107909571428995,
    "R2": 0.999536915668519,
    "Mean R2": 0.9976122569742346,
    "Peaks": [
      1.8766411072953186,
      1.8468332591752414,
      1.9274931431542508
    ],
    "Peak diffs": [
      0.0,
      0.029807848120077196,
      0.050852035858932165
    ],
    "Means": [
      2.2595654371529132,
      2.2657942819729557,
      2.269510641149174
    ],
    "Mean diffs": [
      0.0,
      0.0062288448200424895,
      0.009945203996260865
    ]
  },
  "RG2": {
    "Nu": 0.5127851155040248,
    "Other Nu": 3.4586672320968868,
    "Slope": 14.931313873499356,
    "Mean Slope": 1.493044766340623,
    "R2": 0.9227596614796276,
    "Mean R2": 0.9994902920151323,
    "Peaks": [
      3.543673933519261,
      3.407518656853223,
      3.4140227784499624
    ],
    "Peak diffs": [
      0.0,
      0.1361552766660381,
      0.1296511550692987
    ],
    "Means": [
      3.7407365725276183,
      3.748614971499696,
      3.754142192721578
    ],
    "Mean diffs": [
      0.0,
      0.007878398972077871,
      0.013405620193959855
    ]
  },
  "RG3": {
    "Nu": 0.8620232441780792,
    "Other Nu": 2.518403066220998,
    "Slope": 11.159376964655836,
    "Mean Slope": 2.2834751319749325,
    "R2": 0.8933105315988361,
    "Mean R2": 0.998329749909549,
    "Peaks": [
      6.095946404361487,
      5.983212049665156,
      5.999891817054435
    ],
    "Peak diffs": [
      0.0,
      0.11273435469633064,
      0.09605458730705241
    ],
    "Means": [
      5.976345835644088,
      5.988918417103188,
      5.996808249847307
    ],
    "Mean diffs": [
      0.0,
      0.012572581459100007,
      0.020462414203218593
    ]
  },
  "RG4": {
    "Nu": 0.7760102979524978,
    "Other Nu": 2.073916553365166,
    "Slope": 35.61889291959912,
    "Mean Slope": 3.8071671458330867,
    "R2": 0.9999140914120873,
    "Mean R2": 0.9908859712417982,
    "Peaks": [
      9.406321270909002,
      9.588434785714387,
      9.726582149477133
    ],
    "Peak diffs": [
      0.0,
      0.18211351480538518,
      0.32026087856813135
    ],
    "Means": [
      9.698141592320162,
      9.72182460577469,
      9.732048621423017
    ],
    "Mean diffs": [
      0.0,
      0.02368301345452828,
      0.03390702910285448
    ]
  },
  "RG5": {
    "Nu": 0.967056342874214,
    "Other Nu": 2.0084750976090437,
    "Slope": 36.01009659575146,
    "Mean Slope": 5.61564147283869,
    "R2": 0.9877994957215588,
    "Mean R2": 0.9884904626341254,
    "Peaks": [
      16.88051605861661,
      16.746484752223292,
      17.208146864638792
    ],
    "Peak diffs": [
      0.0,
      0.13403130639331806,
      0.32763080602218153
    ],
    "Means": [
      16.017743849654913,
      16.053584077010147,
      16.067687544449612
    ],
    "Mean diffs": [
      0.0,
      0.03584022735523362,
      0.049943694794698956
    ]
  },
  "RG6": {
    "Nu": 1.6274136663875973,
    "Other Nu": 6.60807255968807,
    "Slope": 0.07765208544770356,
    "Mean Slope": 1.8764168283868228,
    "R2": 0.9469228365501288,
    "Mean R2": 0.9886196655599716,
    "Peaks": [
      24.875799852286566,
      24.87644150395484,
      24.87647922942167
    ],
    "Peak diffs": [
      0.0,
      0.0006416516682747897,
      0.000679377135103465
    ],
    "Means": [
      21.144665837111162,
      21.156625912530043,
      21.16135528154534
    ],
    "Mean diffs": [
      0.0,
      0.011960075418880223,
      0.016689444434177858
    ]
  },
  "RG7": {
    "Nu": 1.2990784595299067,
    "Other Nu": 6.967195712150073,
    "Slope": 0.0238736816319561,
    "Mean Slope": 0.4983708556059371,
    "R2": 0.8296906968654021,
    "Mean R2": 0.9372699534908632,
    "Peaks": [
      24.938075272498857,
      24.93808609546198,
      24.938298485283163
    ],
    "Peak diffs": [
      0.0,
      1.0822963123047202e-05,
      0.00022321278430581515
    ],
    "Means": [
      22.62331100831141,
      22.627603746347262,
      22.627657816492032
    ],
    "Mean diffs": [
      0.0,
      0.004292738035850618,
      0.0043468081806210535
    ]
  }
}