{
  "RG0": {
    "Nu": 0.0,
    "Other Nu": 0.0,
    "Slope": 5.233875067075822,
    "Mean Slope": 0.9473130904507933,
    "R2": 0.7191941582587615,
    "Mean R2": 0.9963867979340585,
    "Peaks": [
      0.758691365578121,
      0.8446898861220553,
      0.8011939992426838
    ],
    "Peak diffs": [
      0.0,
      0.08599852054393431,
      0.04250263366456275
    ],
    "Means": [
      1.143431685006245,
      1.1488808377619624,
      1.1519026884123433
    ],
    "Mean diffs": [
      0.0,
      0.005449152755717446,
      0.00847100340609841
    ]
  },
  "RG1": {
    "Nu": 0.40053737622683466,
    "Other Nu": 6.5968570777697995,
    "Slope": 5.643718008233416,
    "Mean Slope": 1.1107909571428995,
    "R2": 0.9992733036114483,
    "Mean R2": 0.9976122569742346,
    "Peaks": [
      1.876774832836863,
      1.846687084226021,
      1.9274245134825272
    ],
    "Peak diffs": [
      0.0,
      0.030087748610841958,
      0.05064968064566422
    ],
    "Means": [
      2.2595654371529132,
      2.2657942819729557,
      2.269510641149174
    ],
    "Mean diffs": [
      0.0,
      0.0062288448200424895,
      0.009945203996260865
    ]
  },
  "RG2": {
    "Nu": 0.5132969409239828,
    "Other Nu": 3.4586672320968868,
    "Slope": 14.891117579690015,
    "Mean Slope": 1.493044766340623,
    "R2": 0.9225588422756836,
    "Mean R2": 0.9994902920151323,
    "Peaks": [
      3.5435681206117793,
      3.4076772493134144,
      3.414273853425332
    ],
    "Peak diffs": [
      0.0,
      0.13589087129836486,
      0.12929426718644743
    ],
    "Means": [
      3.7407365725276183,
      3.748614971499696,
      3.754142192721578
    ],
    "Mean diffs": [
      0.0,
      0.007878398972077871,
      0.013405620193959855
    ]
  },
  "RG3": {
    "Nu": 0.8635380931565645,
    "Other Nu": 2.518403066220998,
    "Slope": 11.112253529014279,
    "Mean Slope": 2.2834751319749325,
    "R2": 0.8929248641459177,
    "Mean R2": 0.998329749909549,
    "Peaks": [
      6.095799630798362,
      5.983400297271644,
      6.000161507951207
    ],
    "Peak diffs": [
      0.0,
      0.11239933352671816,
      0.09563812284715567
    ],
    "Means": [
      5.976345835644088,
      5.988918417103188,
      5.996808249847307
    ],
    "Mean diffs": [
      0.0,
      0.012572581459100007,
      0.020462414203218593
    ]
  },
  "RG4": {
    "Nu": 0.7761999231794348,
    "Other Nu": 2.073916553365166,
    "Slope": 35.58781647119419,
    "Mean Slope": 3.8071671458330867,
    "R2": 0.9999262166142621,
    "Mean R2": 0.9908859712417982,
    "Peaks": [
      9.40647018880497,
      9.588129386955517,
      9.72647437429229
    ],
    "Peak diffs": [
      0.0,
      0.18165919815054643,
      0.3200041854873188
    ],
    "Means": [
      9.698141592320162,
      9.72182460577469,
      9.732048621423017
    ],
    "Mean diffs": [
      0.0,
      0.02368301345452828,
      0.03390702910285448
    ]
  },
  "RG5": {
    "Nu": 0.9673934014028694,
    "Other Nu": 2.0084750976090437,
    "Slope": 35.96516011492126,
    "Mean Slope": 5.61564147283869,
    "R2": 0.9875351628945893,
    "Mean R2": 0.9884904626341254,
    "Peaks": [
      16.88027628000854,
      16.746888266029625,
      17.20753485847327
    ],
    "Peak diffs": [
      0.0,
      0.13338801397891586,
      0.32725857846472906
    ],
    "Means": [
      16.017743849654913,
      16.053584077010147,
      16.067687544449612
    ],
    "Mean diffs": [
      0.0,
      0.03584022735523362,
      0.049943694794698956
    ]
  },
  "RG6": {
    "Nu": 1.6652125208480892,
    "Other Nu": 6.60807255968807,
    "Slope": 0.08228973585598769,
    "Mean Slope": 1.8764168283868228,
    "R2": 0.9524180744970943,
    "Mean R2": 0.9886196655599716,
    "Peaks": [
      24.875673793332663,
      24.876336754763283,
      24.876395053820648
    ],
    "Peak diffs": [
      0.0,
      0.0006629614306206122,
      0.0007212604879853757
    ],
    "Means": [
      21.144665837111162,
      21.156625912530043,
      21.16135528154534
    ],
    "Mean diffs": [
      0.0,
      0.011960075418880223,
      0.016689444434177858
    ]
  },
  "RG7": {
    "Nu": 1.470059514206635,
    "Other Nu": 6.967195712150073,
    "Slope": 0.03686225196477326,
    "Mean Slope": 0.4983708556059371,
    "R2": 0.9798058438743859,
    "Mean R2": 0.9372699534908632,
    "Peaks": [
      24.93793423925957,
      24.938058570503657,
      24.938270613374616
    ],
    "Peak diffs": [
      0.0,
      0.00012433124408772755,
      0.00033637411504727766
    ],
    "Means": [
      22.62331100831141,
      22.627603746347262,
      22.627657816492032
    ],
    "Mean diffs": [
      0.0,
      0.004292738035850618,
      0.0043468081806210535
    ]
  }
}