{
  "RG_0": {
    "mean": 0.5116193198897572,
    "std": 0.24147633830355997
  },
  "RG_1": {
    "L2 distance with RG_0": 0.586243031117414,
    "Mean squared distance with RG_0": 0.47210973714456334,
    "L2_converged": false,
    "MSD converged": false,
    "mean": 0.366036740043311,
    "std": 0.23399113561086998,
    "std_converged": false
  },
  "RG_2": {
    "L2 distance with RG_1": 0.8638459436072007,
    "Mean squared distance with RG_1": 0.47062257501948035,
    "L2_converged": false,
    "MSD converged": false,
    "mean": 0.22918926441799217,
    "std": 0.20960379021980144,
    "std_converged": false
  },
  "RG_3": {
    "L2 distance with RG_2": 1.7800471032127947,
    "Mean squared distance with RG_2": 0.5049230738561379,
    "L2_converged": false,
    "MSD converged": false,
    "mean": 0.11399568842313332,
    "std": 0.1595521053002159,
    "std_converged": false
  },
  "RG_4": {
    "L2 distance with RG_3": 5.732553250027418,
    "Mean squared distance with RG_3": 0.5762969611412943,
    "L2_converged": false,
    "MSD converged": false,
    "mean": 0.03693729865213569,
    "std": 0.09136831496772231,
    "std_converged": false
  },
  "RG_5": {
    "L2 distance with RG_4": 18.330693062497165,
    "Mean squared distance with RG_4": 0.6952469708064699,
    "L2_converged": false,
    "MSD converged": false,
    "mean": 0.0054544178293239156,
    "std": 0.03202254488353213,
    "std_converged": false
  },
  "RG_6": {
    "L2 distance with RG_5": 9.324248049148133,
    "Mean squared distance with RG_5": 0.6863665040453294,
    "L2_converged": false,
    "MSD converged": false,
    "mean": 0.0006367806183341265,
    "std": 0.004961735428384837,
    "std_converged": false
  },
  "RG_7": {
    "L2 distance with RG_6": 0.46481644742061146,
    "Mean squared distance with RG_6": 0.1628611021840103,
    "L2_converged": false,
    "MSD converged": false,
    "mean": 0.0005036736601395497,
    "std": 0.0008072547922604497,
    "std_converged": false
  }
}