{
  "RG_0": {
    "mean": 4.440892098500626e-16,
    "std": 2.0260534076540373
  },
  "RG_1": {
    "mean": 5.551115123125783e-16,
    "std": 2.090352501752297,
    "std_converged": false,
    "L2 distance with RG_0": 0.011206816613337688,
    "L2_converged": false
  },
  "RG_2": {
    "mean": 5.551115123125783e-16,
    "std": 2.1099600467601993,
    "std_converged": false,
    "L2 distance with RG_1": 0.005275608211367107,
    "L2_converged": false
  },
  "RG_3": {
    "mean": 4.440892098500626e-16,
    "std": 2.1165144948003825,
    "std_converged": false,
    "L2 distance with RG_2": 0.004471287105746189,
    "L2_converged": false
  },
  "RG_4": {
    "mean": 4.440892098500626e-16,
    "std": 2.11786389897866,
    "std_converged": false,
    "L2 distance with RG_3": 0.00432240277584429,
    "L2_converged": false
  },
  "RG_5": {
    "mean": 4.440892098500626e-16,
    "std": 2.118705167906843,
    "std_converged": false,
    "L2 distance with RG_4": 0.004367819209922241,
    "L2_converged": false
  },
  "RG_6": {
    "mean": 5.551115123125783e-16,
    "std": 2.1191819050079514,
    "std_converged": true,
    "L2 distance with RG_5": 0.004374507826119621,
    "L2_converged": false
  },
  "RG_7": {
    "mean": 5.551115123125783e-16,
    "std": 2.1189224309404757,
    "std_converged": true,
    "L2 distance with RG_6": 0.004406948846495973,
    "L2_converged": false
  }
}