{
  "RG_0": {
    "mean": 0.32370071655748633,
    "std": 0.24995415574563318
  },
  "RG_1": {
    "L2 distance with RG_0": 0.06401455377182808,
    "Mean squared distance with RG_0": 0.10874773206913124,
    "L2_converged": false,
    "MSD converged": false,
    "mean": 0.32103668546219044,
    "std": 0.2537233256097333,
    "std_converged": false
  },
  "RG_2": {
    "L2 distance with RG_1": 0.020467025920493244,
    "Mean squared distance with RG_1": 0.05810671853164435,
    "L2_converged": false,
    "MSD converged": false,
    "mean": 0.3203301092504345,
    "std": 0.25488759135064515,
    "std_converged": false
  },
  "RG_3": {
    "L2 distance with RG_2": 0.006745535185593487,
    "Mean squared distance with RG_2": 0.03814675923139184,
    "L2_converged": false,
    "MSD converged": false,
    "mean": 0.3200804809474226,
    "std": 0.2551944931932799,
    "std_converged": true
  },
  "RG_4": {
    "L2 distance with RG_3": 0.003624128648886142,
    "Mean squared distance with RG_3": 0.03334105740030898,
    "L2_converged": false,
    "MSD converged": false,
    "mean": 0.32008533168525655,
    "std": 0.2553083901636775,
    "std_converged": true
  },
  "RG_5": {
    "L2 distance with RG_4": 0.00344067920466392,
    "Mean squared distance with RG_4": 0.033111656830809445,
    "L2_converged": false,
    "MSD converged": false,
    "mean": 0.32000741643449127,
    "std": 0.25532378837420605,
    "std_converged": true
  },
  "RG_6": {
    "L2 distance with RG_5": 0.0033243506825106272,
    "Mean squared distance with RG_5": 0.03335178152453402,
    "L2_converged": false,
    "MSD converged": false,
    "mean": 0.31996398599820064,
    "std": 0.25533535346401176,
    "std_converged": true
  },
  "RG_7": {
    "L2 distance with RG_6": 0.003330352463842426,
    "Mean squared distance with RG_6": 0.03242024825642821,
    "L2_converged": false,
    "MSD converged": false,
    "mean": 0.31999265919118514,
    "std": 0.2553443285889578,
    "std_converged": true
  }
}