{
  "RG_0": {
    "mean": 9.992007221626409e-16,
    "std": 2.0261369696614167
  },
  "RG_1": {
    "L2 distance with RG_0": 0.010621419046371993,
    "Mean squared distance with RG_0": 0.0009177868918533806,
    "L2_converged": false,
    "MSD converged": true,
    "mean": 1.1102230246251565e-15,
    "std": 2.090551186767019,
    "std_converged": false
  },
  "RG_2": {
    "L2 distance with RG_1": 0.003841981682370258,
    "Mean squared distance with RG_1": 0.0005367023472798708,
    "L2_converged": false,
    "MSD converged": true,
    "mean": 7.771561172376096e-16,
    "std": 2.1107071839045415,
    "std_converged": false
  },
  "RG_3": {
    "L2 distance with RG_2": 0.00253256441058489,
    "Mean squared distance with RG_2": 0.00047199500227584435,
    "L2_converged": false,
    "MSD converged": true,
    "mean": 9.992007221626409e-16,
    "std": 2.1165701696596395,
    "std_converged": false
  },
  "RG_4": {
    "L2 distance with RG_3": 0.0024507582357411574,
    "Mean squared distance with RG_3": 0.0004955594887169068,
    "L2_converged": false,
    "MSD converged": true,
    "mean": 9.992007221626409e-16,
    "std": 2.1178544236253773,
    "std_converged": false
  },
  "RG_5": {
    "L2 distance with RG_4": 0.0023881632894987206,
    "Mean squared distance with RG_4": 0.0004966828398641323,
    "L2_converged": false,
    "MSD converged": true,
    "mean": 1.2212453270876722e-15,
    "std": 2.118773474199665,
    "std_converged": false
  },
  "RG_6": {
    "L2 distance with RG_5": 0.0024156123387208384,
    "Mean squared distance with RG_5": 0.0005003032036744072,
    "L2_converged": false,
    "MSD converged": true,
    "mean": 9.992007221626409e-16,
    "std": 2.11926920276135,
    "std_converged": true
  },
  "RG_7": {
    "L2 distance with RG_6": 0.002437938644450022,
    "Mean squared distance with RG_6": 0.0005033593072464224,
    "L2_converged": false,
    "MSD converged": true,
    "mean": 9.992007221626409e-16,
    "std": 2.119235443022976,
    "std_converged": true
  }
}