{
  "RG_0": {
    "mean": 0.5182568881762586,
    "std": 0.23475574973596422
  },
  "RG_1": {
    "L2 distance with RG_0": 0.03974345678156277,
    "Mean squared distance with RG_0": 0.10884024069793594,
    "L2_converged": false,
    "MSD converged": false,
    "mean": 0.5135095934968785,
    "std": 0.2394667341629401,
    "std_converged": false
  },
  "RG_2": {
    "L2 distance with RG_1": 0.012137415297221071,
    "Mean squared distance with RG_1": 0.058747229976344476,
    "L2_converged": false,
    "MSD converged": false,
    "mean": 0.5121459806853665,
    "std": 0.24090719043408756,
    "std_converged": false
  },
  "RG_3": {
    "L2 distance with RG_2": 0.0046795112116935185,
    "Mean squared distance with RG_2": 0.03656691230745383,
    "L2_converged": false,
    "MSD converged": false,
    "mean": 0.5117137731916211,
    "std": 0.24130708860258357,
    "std_converged": true
  },
  "RG_4": {
    "L2 distance with RG_3": 0.0034786168942670522,
    "Mean squared distance with RG_3": 0.03325653635782239,
    "L2_converged": false,
    "MSD converged": false,
    "mean": 0.5116599518223899,
    "std": 0.24143134674730965,
    "std_converged": true
  },
  "RG_5": {
    "L2 distance with RG_4": 0.0033315170075354414,
    "Mean squared distance with RG_4": 0.032493769642055755,
    "L2_converged": false,
    "MSD converged": false,
    "mean": 0.5115685380748282,
    "std": 0.24146376816656337,
    "std_converged": true
  },
  "RG_6": {
    "L2 distance with RG_5": 0.0033973342281310268,
    "Mean squared distance with RG_5": 0.03320248753215853,
    "L2_converged": false,
    "MSD converged": false,
    "mean": 0.5115137871536777,
    "std": 0.2414899107375905,
    "std_converged": true
  },
  "RG_7": {
    "L2 distance with RG_6": 0.0033228343397124424,
    "Mean squared distance with RG_6": 0.033004336747684854,
    "L2_converged": false,
    "MSD converged": false,
    "mean": 0.5115409249472036,
    "std": 0.24149160278275586,
    "std_converged": true
  }
}