{
  "RG_0": {
    "mean": 1.1511623303417562,
    "std": 1.7856391768188673
  },
  "RG_1": {
    "mean": 2.268548792760306,
    "std": 1.9612352631697034,
    "std_converged": false,
    "L2 distance with RG_0": 1.9260187329770123e-05,
    "L2_converged": true
  },
  "RG_2": {
    "mean": 3.7532108904193477,
    "std": 2.337237952774906,
    "std_converged": false,
    "L2 distance with RG_1": 2.033122165732187e-05,
    "L2_converged": true
  },
  "RG_3": {
    "mean": 5.9958676680180485,
    "std": 2.9156521713770034,
    "std_converged": false,
    "L2 distance with RG_2": 2.219583788622529e-05,
    "L2_converged": true
  },
  "RG_4": {
    "mean": 9.731398610142074,
    "std": 3.7340545633544533,
    "std_converged": false,
    "L2 distance with RG_3": 2.5111196984878378e-05,
    "L2_converged": true
  },
  "RG_5": {
    "mean": 16.076924410215927,
    "std": 4.502059096719564,
    "std_converged": false,
    "L2 distance with RG_4": 2.8866813302600937e-05,
    "L2_converged": true
  },
  "RG_6": {
    "mean": 20.93734314706729,
    "std": 3.4388904327676464,
    "std_converged": false,
    "L2 distance with RG_5": 2.6530361695466992e-05,
    "L2_converged": true
  },
  "RG_7": {
    "mean": 22.122489243657927,
    "std": 2.7110750639116996,
    "std_converged": false,
    "L2 distance with RG_6": 1.4930094010315746e-05,
    "L2_converged": true
  }
}