{
  "RG_0": {
    "mean": 1.147119847793594,
    "std": 1.7846412659919553
  },
  "RG_1": {
    "mean": 2.264239510750419,
    "std": 1.959942141460475,
    "std_converged": false,
    "L2 distance with RG_0": 1.9260959819057067e-05,
    "L2_converged": true
  },
  "RG_2": {
    "mean": 3.7466677603962433,
    "std": 2.3357004340100818,
    "std_converged": false,
    "L2 distance with RG_1": 2.0327953670615416e-05,
    "L2_converged": true
  },
  "RG_3": {
    "mean": 5.984887299285496,
    "std": 2.912663426190254,
    "std_converged": false,
    "L2 distance with RG_2": 2.2189574154511912e-05,
    "L2_converged": true
  },
  "RG_4": {
    "mean": 9.712700248463296,
    "std": 3.7306743243185885,
    "std_converged": false,
    "L2 distance with RG_3": 2.510028177217885e-05,
    "L2_converged": true
  },
  "RG_5": {
    "mean": 16.04823813504835,
    "std": 4.502825473651436,
    "std_converged": false,
    "L2 distance with RG_4": 2.8855404129050534e-05,
    "L2_converged": true
  },
  "RG_6": {
    "mean": 20.9274936890224,
    "std": 3.4446647460720747,
    "std_converged": false,
    "L2 distance with RG_5": 2.657352109525534e-05,
    "L2_converged": true
  },
  "RG_7": {
    "mean": 22.121187646452313,
    "std": 2.709243481713363,
    "std_converged": false,
    "L2 distance with RG_6": 1.4973042233460555e-05,
    "L2_converged": true
  }
}