{
  "RG_0": {
    "mean": 1.1492234492475464,
    "std": 1.785303307005151
  },
  "RG_1": {
    "mean": 2.2668186485921704,
    "std": 1.960737021965767,
    "std_converged": false,
    "L2 distance with RG_0": 1.9258792275848518e-05,
    "L2_converged": true
  },
  "RG_2": {
    "mean": 3.7503208945828375,
    "std": 2.336785420756838,
    "std_converged": false,
    "L2 distance with RG_1": 2.0328108598109854e-05,
    "L2_converged": true
  },
  "RG_3": {
    "mean": 5.991946928383823,
    "std": 2.9146273537046774,
    "std_converged": false,
    "L2 distance with RG_2": 2.2197859241997185e-05,
    "L2_converged": true
  },
  "RG_4": {
    "mean": 9.72454697978858,
    "std": 3.733364435370137,
    "std_converged": false,
    "L2 distance with RG_3": 2.5102349074203806e-05,
    "L2_converged": true
  },
  "RG_5": {
    "mean": 16.06539603314813,
    "std": 4.503049276822874,
    "std_converged": false,
    "L2 distance with RG_4": 2.8857712788184502e-05,
    "L2_converged": true
  },
  "RG_6": {
    "mean": 20.932535397488437,
    "std": 3.4415812881571544,
    "std_converged": false,
    "L2 distance with RG_5": 2.6541935386871e-05,
    "L2_converged": true
  },
  "RG_7": {
    "mean": 22.119176984797765,
    "std": 2.711365703496549,
    "std_converged": false,
    "L2 distance with RG_6": 1.4940574769066606e-05,
    "L2_converged": true
  }
}