{
  "RG0": {
    "Nu": 0.0,
    "Slope": 4.635224016454156,
    "R2": 0.9995020219263528,
    "Peaks": [
      0.39561004890343304,
      0.39817930017112657,
      0.39458017873231066,
      0.4277112494927329
    ]
  },
  "RG1": {
    "Nu": 0.33800913971952257,
    "Slope": 7.773152831882187,
    "R2": 0.9996269735996619,
    "Peaks": [
      1.0052695238299616,
      0.956843555935371,
      0.9917772430187052,
      0.9418039425896358
    ]
  },
  "RG2": {
    "Nu": 0.7008102176138813,
    "Slope": 7.229218368591248,
    "R2": 0.9997375706270284,
    "Peaks": [
      1.7802589225063845,
      1.7268618909819142,
      1.8143021100701524,
      1.7993069719342472
    ]
  },
  "RG3": {
    "Nu": 1.0249954218181163,
    "Slope": 7.604441744728582,
    "R2": 0.9999298101766246,
    "Peaks": [
      3.0757657349946066,
      3.0073536902753597,
      3.0595237275939544,
      3.0076794442568846
    ]
  },
  "RG4": {
    "Nu": 0.8517812916612504,
    "Slope": 25.920850561331175,
    "R2": 0.999978359662365,
    "Peaks": [
      5.116060708408768,
      5.1262488323522755,
      5.024119340034248,
      4.977298202105904
    ]
  },
  "RG5": {
    "Nu": -4.493903357378235,
    "Slope": 0.4624539130910042,
    "R2": 0.9996617349553204,
    "Peaks": [
      8.630020171180053,
      8.37742702749932,
      8.298593920904505,
      8.6593808994656
    ]
  }
}