{
  "RG1": {
    "Nu": 0.27514760686652323,
    "Slope": 12.418446956166456,
    "R2": 0.9980974835516591,
    "Peaks": [
      1.0052959665589325,
      0.9569714357534842,
      0.9917686390088539,
      0.9418378241576386
    ]
  },
  "RG2": {
    "Nu": 0.5120838662005525,
    "Slope": 14.986693953112715,
    "R2": 0.999737091285914,
    "Peaks": [
      1.7802883063460022,
      1.726847260085901,
      1.8141404978486697,
      1.799242778796327
    ]
  },
  "RG3": {
    "Nu": 0.7726144945595745,
    "Slope": 14.752828177098333,
    "R2": 0.9999778502638068,
    "Peaks": [
      3.0755813479200618,
      3.0073538716636534,
      3.0597825751976417,
      3.0078051439326585
    ]
  },
  "RG4": {
    "Nu": 0.9527429891520296,
    "Slope": 18.35885303637886,
    "R2": 0.9994510624701471,
    "Peaks": [
      5.116062799709624,
      5.126076220888394,
      5.0244566160315545,
      4.977243678276638
    ]
  },
  "RG5": {
    "Nu": 1.0598767957582507,
    "Slope": 26.309819623193345,
    "R2": 0.9976057481301679,
    "Peaks": [
      8.630271848806398,
      8.377503499450546,
      8.29848135200311,
      8.659319039058234
    ]
  }
}