{
  "RG_0": {
    "mean": 1.151504737350841,
    "std": 1.7858768047928986
  },
  "RG_1": {
    "mean": 2.269006016330523,
    "std": 1.9612352642950248,
    "std_converged": false,
    "L2 distance with RG_0": 0.1871331409936283,
    "L2_converged": false
  },
  "RG_2": {
    "mean": 3.7532572432221145,
    "std": 2.337441122050042,
    "std_converged": false,
    "L2 distance with RG_1": 0.19284890430797674,
    "L2_converged": false
  },
  "RG_3": {
    "mean": 5.996139982412112,
    "std": 2.9156258678699296,
    "std_converged": false,
    "L2 distance with RG_2": 0.20382636263438342,
    "L2_converged": false
  },
  "RG_4": {
    "mean": 9.732703640478308,
    "std": 3.735761570532484,
    "std_converged": false,
    "L2 distance with RG_3": 0.2247012745468957,
    "L2_converged": false
  },
  "RG_5": {
    "mean": 16.417248498263085,
    "std": 4.817079826883257,
    "std_converged": false,
    "L2 distance with RG_4": 0.25290578386303214,
    "L2_converged": false
  },
  "RG_6": {
    "mean": 28.915414634374457,
    "std": 6.147156895379778,
    "std_converged": false,
    "L2 distance with RG_5": 0.2777375869910523,
    "L2_converged": false
  }
}