{
  "RG_0": {
    "mean": 1.1497005857970317,
    "std": 1.7855456700020222
  },
  "RG_1": {
    "mean": 2.2669123800553206,
    "std": 1.9603283013040846,
    "std_converged": false,
    "L2 distance with RG_0": 9.627101841034142e-06,
    "L2_converged": true
  },
  "RG_2": {
    "mean": 3.750589369273507,
    "std": 2.3364586529091214,
    "std_converged": false,
    "L2 distance with RG_1": 1.016577421836939e-05,
    "L2_converged": true
  },
  "RG_3": {
    "mean": 5.991064224154606,
    "std": 2.914570750159161,
    "std_converged": false,
    "L2 distance with RG_2": 1.1095994246474187e-05,
    "L2_converged": true
  },
  "RG_4": {
    "mean": 9.72283610321254,
    "std": 3.733692057083471,
    "std_converged": false,
    "L2 distance with RG_3": 1.2553137060830528e-05,
    "L2_converged": true
  },
  "RG_5": {
    "mean": 16.399104610947248,
    "std": 4.814561570392453,
    "std_converged": false,
    "L2 distance with RG_4": 1.4548177893151897e-05,
    "L2_converged": true
  },
  "RG_6": {
    "mean": 28.881746481685358,
    "std": 6.143746483463282,
    "std_converged": false,
    "L2 distance with RG_5": 1.691189157427247e-05,
    "L2_converged": true
  }
}