{
  "RG_0": {
    "mean": 1.1514063395945258,
    "std": 1.7857373675270143
  },
  "RG_1": {
    "mean": 2.2688122654497116,
    "std": 1.9613560449348124,
    "std_converged": false,
    "L2 distance with RG_0": 9.629970705696807e-06,
    "L2_converged": true
  },
  "RG_2": {
    "mean": 3.7528541782924387,
    "std": 2.337323097554645,
    "std_converged": false,
    "L2 distance with RG_1": 1.0163601552122412e-05,
    "L2_converged": true
  },
  "RG_3": {
    "mean": 5.9957788467471875,
    "std": 2.9154687562643797,
    "std_converged": false,
    "L2 distance with RG_2": 1.1100521103176635e-05,
    "L2_converged": true
  },
  "RG_4": {
    "mean": 9.732594143884771,
    "std": 3.7355476956762814,
    "std_converged": false,
    "L2 distance with RG_3": 1.2556280819616206e-05,
    "L2_converged": true
  },
  "RG_5": {
    "mean": 16.41610455054669,
    "std": 4.816564145831088,
    "std_converged": false,
    "L2 distance with RG_4": 1.4551732926595893e-05,
    "L2_converged": true
  },
  "RG_6": {
    "mean": 28.91420536460645,
    "std": 6.147222172550526,
    "std_converged": false,
    "L2 distance with RG_5": 1.691626200546199e-05,
    "L2_converged": true
  }
}