{
  "RG_0": {
    "mean": 1.1458594497544743,
    "std": 1.7843216759177116
  },
  "RG_1": {
    "mean": 2.2627401478734184,
    "std": 1.959391047700282,
    "std_converged": false,
    "L2 distance with RG_0": 0.18729954972946028,
    "L2_converged": false
  },
  "RG_2": {
    "mean": 3.7447154152061652,
    "std": 2.335104203372761,
    "std_converged": false,
    "L2 distance with RG_1": 0.19288669879218048,
    "L2_converged": false
  },
  "RG_3": {
    "mean": 5.98204470084553,
    "std": 2.9125177893854346,
    "std_converged": false,
    "L2 distance with RG_2": 0.20371176094544485,
    "L2_converged": false
  },
  "RG_4": {
    "mean": 9.708496557620043,
    "std": 3.7307776984413543,
    "std_converged": false,
    "L2 distance with RG_3": 0.22458996628442401,
    "L2_converged": false
  },
  "RG_5": {
    "mean": 16.373261679668147,
    "std": 4.8119101436451635,
    "std_converged": false,
    "L2 distance with RG_4": 0.2527637502043092,
    "L2_converged": false
  },
  "RG_6": {
    "mean": 28.8336622926612,
    "std": 6.1409209596533145,
    "std_converged": false,
    "L2 distance with RG_5": 0.2776319676388743,
    "L2_converged": false
  }
}