{
  "RG_0": {
    "mean": 1.148015466115323,
    "std": 1.7846903794461497
  },
  "RG_1": {
    "mean": 2.2648495424614894,
    "std": 1.9595971689409544,
    "std_converged": false,
    "L2 distance with RG_0": 9.627503834314372e-06,
    "L2_converged": true
  },
  "RG_2": {
    "mean": 3.747584249958425,
    "std": 2.3357860591103004,
    "std_converged": false,
    "L2 distance with RG_1": 1.016219697597965e-05,
    "L2_converged": true
  },
  "RG_3": {
    "mean": 5.986045194534019,
    "std": 2.913171436916835,
    "std_converged": false,
    "L2 distance with RG_2": 1.1093597270785705e-05,
    "L2_converged": true
  },
  "RG_4": {
    "mean": 9.715200281090592,
    "std": 3.731780132361551,
    "std_converged": false,
    "L2 distance with RG_3": 1.2550072469595061e-05,
    "L2_converged": true
  },
  "RG_5": {
    "mean": 16.386590237759737,
    "std": 4.8130444339272005,
    "std_converged": false,
    "L2 distance with RG_4": 1.4546007407180368e-05,
    "L2_converged": true
  },
  "RG_6": {
    "mean": 28.856989706520718,
    "std": 6.141730288850482,
    "std_converged": false,
    "L2 distance with RG_5": 1.6907479403666595e-05,
    "L2_converged": true
  }
}