{
  "RG_0": {
    "mean": 1.1440005403144848,
    "std": 1.7840036648732749
  },
  "RG_1": {
    "mean": 2.2601774540486623,
    "std": 1.9587101041637427,
    "std_converged": false,
    "L2 distance with RG_0": 0.187332797625803,
    "L2_converged": false
  },
  "RG_2": {
    "mean": 3.7408793337546165,
    "std": 2.3342917200121494,
    "std_converged": false,
    "L2 distance with RG_1": 0.19283587600469548,
    "L2_converged": false
  },
  "RG_3": {
    "mean": 5.976352020627967,
    "std": 2.9104383136187155,
    "std_converged": false,
    "L2 distance with RG_2": 0.2037351903532358,
    "L2_converged": false
  },
  "RG_4": {
    "mean": 9.699386259995023,
    "std": 3.7283187013721575,
    "std_converged": false,
    "L2 distance with RG_3": 0.22466440310165803,
    "L2_converged": false
  },
  "RG_5": {
    "mean": 16.356424970560578,
    "std": 4.808203755116215,
    "std_converged": false,
    "L2 distance with RG_4": 0.2527858517955257,
    "L2_converged": false
  },
  "RG_6": {
    "mean": 28.80373279438744,
    "std": 6.135844266615358,
    "std_converged": false,
    "L2 distance with RG_5": 0.27772081897758194,
    "L2_converged": false
  }
}