{
  "RG0": {
    "Nu": 0.0,
    "Other Nu": 0.0,
    "Slope": 0.36592622950818326,
    "Mean Slope": 0.8463767078477175,
    "R2": 0.8834705229095928,
    "Mean R2": 0.9962777730484041,
    "Peaks": [
      0.8261250000000011,
      0.8269890000000011,
      0.823991000000001,
      0.8250170000000011,
      0.8300650000000009
    ],
    "Peak diffs": [
      0.0,
      0.0008639999999999759,
      0.0021340000000000803,
      0.0011079999999999979,
      0.0039399999999998325
    ],
    "Means": [
      1.1440005403144848,
      1.1458594497544743,
      1.1483604452953489,
      1.14957309112634,
      1.151504737350841
    ],
    "Mean diffs": [
      0.0,
      0.0018589094399894535,
      0.004359904980864027,
      0.005572550811855148,
      0.007504197036356075
    ]
  },
  "RG1": {
    "Nu": 0.2653953623628071,
    "Other Nu": 72.87083382832526,
    "Slope": 0.07340573770493963,
    "Mean Slope": 0.9905330985681792,
    "R2": 0.5736653297130987,
    "Mean R2": 0.9993804140002653,
    "Peaks": [
      1.909170000000001,
      1.900097000000001,
      1.9038920000000013,
      1.906138000000001,
      1.9079740000000012
    ],
    "Peak diffs": [
      0.0,
      0.009072999999999887,
      0.005277999999999672,
      0.0030319999999999236,
      0.0011959999999997528
    ],
    "Means": [
      2.2601774540486623,
      2.2627401478734184,
      2.265020967847257,
      2.2669511812082783,
      2.269006016330523
    ],
    "Mean diffs": [
      0.0,
      0.002562693824756046,
      0.00484351379859449,
      0.006773727159615994,
      0.008828562281860464
    ]
  },
  "RG2": {
    "Nu": 2.5252682473791332,
    "Other Nu": 4.338554980973052,
    "Slope": 1.731467213114706,
    "Mean Slope": 1.3764793617807702,
    "R2": 0.9659466137397913,
    "Mean R2": 0.9997842785228321,
    "Peaks": [
      3.485710000000001,
      3.495985000000001,
      3.4934410000000016,
      3.4985380000000013,
      3.5031440000000003
    ],
    "Peak diffs": [
      0.0,
      0.010275000000000034,
      0.0077310000000005985,
      0.012828000000000284,
      0.017433999999999283
    ],
    "Means": [
      3.7408793337546165,
      3.7447154152061652,
      3.7476648964907704,
      3.750303337007783,
      3.7532572432221145
    ],
    "Mean diffs": [
      0.0,
      0.0038360814515487895,
      0.006785562736153938,
      0.009424003253166724,
      0.01237790946749806
    ]
  },
  "RG3": {
    "Nu": 2.3285618115828317,
    "Other Nu": 2.593629211211267,
    "Slope": 2.442483606557474,
    "Mean Slope": 2.229438451817213,
    "R2": 0.9176591378038906,
    "Mean R2": 0.9992649426684159,
    "Peaks": [
      5.9067430000000005,
      5.931054000000001,
      5.924735,
      5.926192,
      5.934497000000002
    ],
    "Peak diffs": [
      0.0,
      0.02431100000000086,
      0.017991999999999564,
      0.019448999999999828,
      0.02775400000000161
    ],
    "Means": [
      5.976352020627967,
      5.98204470084553,
      5.986986509163889,
      5.991718876827831,
      5.996139982412112
    ],
    "Mean diffs": [
      0.0,
      0.005692680217562973,
      0.010634488535921527,
      0.01536685619986411,
      0.01978796178414477
    ]
  },
  "RG4": {
    "Nu": 2.150574726756809,
    "Other Nu": 2.112281237819975,
    "Slope": 3.629995901639307,
    "Mean Slope": 3.7158370247988453,
    "R2": 0.9524545088794414,
    "Mean R2": 0.9981861710622032,
    "Peaks": [
      9.866382000000002,
      9.879884000000002,
      9.887651000000002,
      9.88347,
      9.904382000000002
    ],
    "Peak diffs": [
      0.0,
      0.013502000000000791,
      0.021269000000000204,
      0.017087999999999326,
      0.038000000000000256
    ],
    "Means": [
      9.699386259995023,
      9.708496557620043,
      9.716016890199125,
      9.724146377478935,
      9.732703640478308
    ],
    "Mean diffs": [
      0.0,
      0.00911029762501947,
      0.016630630204101493,
      0.02476011748391116,
      0.033317380483284254
    ]
  },
  "RG5": {
    "Nu": 1.7608864810355147,
    "Other Nu": 1.8174447988799052,
    "Slope": 7.157614754098695,
    "Mean Slope": 6.732373391409022,
    "R2": 0.9794525338391304,
    "Mean R2": 0.9981666963616337,
    "Peaks": [
      16.814923,
      16.833661,
      16.836287000000006,
      16.862904000000004,
      16.879968
    ],
    "Peak diffs": [
      0.0,
      0.018737999999999033,
      0.02136400000000549,
      0.047981000000003604,
      0.06504500000000135
    ],
    "Means": [
      16.356424970560578,
      16.373261679668147,
      16.387039384509766,
      16.400635969994223,
      16.417248498263085
    ],
    "Mean diffs": [
      0.0,
      0.016836709107568737,
      0.030614413949187735,
      0.044210999433644815,
      0.06082352770250665
    ]
  },
  "RG6": {
    "Nu": 1.6868739535933945,
    "Other Nu": 1.6565358166301993,
    "Slope": 11.76863524590187,
    "Mean Slope": 12.312198261626952,
    "R2": 0.9990190533648953,
    "Mean R2": 0.9970200153125774,
    "Peaks": [
      29.595874000000002,
      29.626194000000005,
      29.654849000000002,
      29.674930000000007,
      29.701390000000004
    ],
    "Peak diffs": [
      0.0,
      0.030320000000003233,
      0.05897500000000022,
      0.0790560000000049,
      0.1055160000000015
    ],
    "Means": [
      28.80373279438744,
      28.8336622926612,
      28.85794926837443,
      28.883187953168026,
      28.915414634374457
    ],
    "Mean diffs": [
      0.0,
      0.029929498273759236,
      0.054216473986990366,
      0.07945515878058629,
      0.11168183998701764
    ]
  }
}