{
  "RG1": {
    "Nu": -0.6547677019976912,
    "Slope": 0.34693584116227566,
    "R2": 0.9941902561140208,
    "Peaks": [
      1.853925373465079,
      1.8360772945817707,
      1.8378401782202936,
      2.022312549235866,
      1.8260178950202175
    ]
  },
  "RG2": {
    "Nu": 1.232791766429848,
    "Slope": 3.0787271216591434,
    "R2": 0.9978868745269901,
    "Peaks": [
      3.2749755444319155,
      3.7151396579995355,
      3.563063893519556,
      3.3561180115088147,
      3.553953146187678
    ]
  },
  "RG3": {
    "Nu": 0.6470013936425822,
    "Slope": 24.877595994634184,
    "R2": 0.9992969863570771,
    "Peaks": [
      5.8711051201619435,
      5.749702267632259,
      5.8547095186857145,
      6.175768820721245,
      5.975527310857605
    ]
  },
  "RG4": {
    "Nu": 1.2706452131414352,
    "Slope": 8.864301669438166,
    "R2": 0.9995800578918725,
    "Peaks": [
      10.061065025605162,
      9.999418037424642,
      9.700795438676634,
      10.263058524987233,
      9.9092812724233
    ]
  },
  "RG5": {
    "Nu": 2.3353909167494327,
    "Slope": 4.410582460297351,
    "R2": 0.9999514628874719,
    "Peaks": [
      16.86893358517059,
      16.752420835175734,
      16.98021570739804,
      16.792045138614085,
      16.87369511614227
    ]
  }
}