{
  "RG_0": {
    "mean": 9.915528616818818e-16,
    "std": 2.026735771331142
  },
  "RG_1": {
    "mean": 9.662409761190816e-16,
    "std": 2.0905125035312797,
    "std_converged": false,
    "L2 distance with RG_0": 0.011023185772512888,
    "L2_converged": false
  },
  "RG_2": {
    "mean": 1.0619844982790241e-15,
    "std": 2.1103575902615264,
    "std_converged": false,
    "L2 distance with RG_1": 0.004978351855072525,
    "L2_converged": false
  },
  "RG_3": {
    "mean": 9.127305167092384e-16,
    "std": 2.1171712176517072,
    "std_converged": false,
    "L2 distance with RG_2": 0.003925464457520076,
    "L2_converged": false
  },
  "RG_4": {
    "mean": 9.951790097290775e-16,
    "std": 2.1184890882053304,
    "std_converged": false,
    "L2 distance with RG_3": 0.003837902146911723,
    "L2_converged": false
  },
  "RG_5": {
    "mean": 9.71172401937996e-16,
    "std": 2.1189271711292186,
    "std_converged": true,
    "L2 distance with RG_4": 0.0038319971169811845,
    "L2_converged": false
  },
  "RG_6": {
    "mean": 1.2059690878839409e-15,
    "std": 2.1189998621756336,
    "std_converged": true,
    "L2 distance with RG_5": 0.0038095876722038075,
    "L2_converged": false
  },
  "RG_7": {
    "mean": 1.0237468899411233e-15,
    "std": 2.119263454967484,
    "std_converged": true,
    "L2 distance with RG_6": 0.0037489390093698757,
    "L2_converged": false
  }
}