{
  "RG_0": {
    "mean": 1.089047780642161,
    "std": 1.709278449601359
  },
  "RG_1": {
    "mean": 1.1271981709591565,
    "std": 1.7605870642507155,
    "std_converged": false,
    "L2 distance with RG_0": 0.015457754899059057,
    "L2_converged": false
  },
  "RG_2": {
    "mean": 1.1391863091765035,
    "std": 1.7764750805342746,
    "std_converged": false,
    "L2 distance with RG_1": 0.006822551156419394,
    "L2_converged": false
  },
  "RG_3": {
    "mean": 1.1429872340884204,
    "std": 1.7821319108202163,
    "std_converged": false,
    "L2 distance with RG_2": 0.005514649656679101,
    "L2_converged": false
  },
  "RG_4": {
    "mean": 1.1438437963677814,
    "std": 1.7831481672469056,
    "std_converged": false,
    "L2 distance with RG_3": 0.005450473917743038,
    "L2_converged": false
  },
  "RG_5": {
    "mean": 1.1437204899144806,
    "std": 1.7837476832499195,
    "std_converged": false,
    "L2 distance with RG_4": 0.005465519481152386,
    "L2_converged": false
  },
  "RG_6": {
    "mean": 1.1438778938377583,
    "std": 1.7837331022015739,
    "std_converged": true,
    "L2 distance with RG_5": 0.005442512628365519,
    "L2_converged": false
  },
  "RG_7": {
    "mean": 1.143841530482745,
    "std": 1.7840695459268425,
    "std_converged": true,
    "L2 distance with RG_6": 0.00530990823934518,
    "L2_converged": false
  }
}