{
  "RG_0": {
    "mean": 1.1462701191292202,
    "std": 1.7845035044736006
  },
  "RG_1": {
    "mean": 2.26303280697571,
    "std": 1.959598684796648,
    "std_converged": false,
    "L2 distance with RG_0": 0.1872181722397216,
    "L2_converged": false
  },
  "RG_2": {
    "mean": 3.7450107343156978,
    "std": 2.3350627178418164,
    "std_converged": false,
    "L2 distance with RG_1": 0.19287352455728846,
    "L2_converged": false
  },
  "RG_3": {
    "mean": 5.9830067430300895,
    "std": 2.91191904958727,
    "std_converged": false,
    "L2 distance with RG_2": 0.203875679283739,
    "L2_converged": false
  },
  "RG_4": {
    "mean": 9.710366143228038,
    "std": 3.731867295079781,
    "std_converged": false,
    "L2 distance with RG_3": 0.22462428151792277,
    "L2_converged": false
  },
  "RG_5": {
    "mean": 16.371243529551872,
    "std": 4.812869532389342,
    "std_converged": false,
    "L2 distance with RG_4": 0.2527078458827401,
    "L2_converged": false
  },
  "RG_6": {
    "mean": 25.97552019485678,
    "std": 4.655075243864389,
    "std_converged": false,
    "L2 distance with RG_5": 0.2881612891616412,
    "L2_converged": false
  },
  "RG_7": {
    "mean": 29.793505860120288,
    "std": 3.0327364160201915,
    "std_converged": false,
    "L2 distance with RG_6": 0.20801649388183052,
    "L2_converged": false
  }
}