{
  "RG0": {
    "Nu": 0.0,
    "Other Nu": 0.0,
    "Slope": 1.1617786885245944,
    "Mean Slope": 0.9884997365989225,
    "R2": 0.9329239525362544,
    "Mean R2": 0.9962484714332664,
    "Peaks": [
      0.819168000000001,
      0.8211040000000012,
      0.8281430000000011,
      0.828895000000001,
      0.8279740000000011
    ],
    "Peak diffs": [
      0.0,
      0.0019360000000001598,
      0.008975000000000066,
      0.009727000000000041,
      0.008806000000000092
    ],
    "Means": [
      1.1436271223125294,
      1.1462701191292202,
      1.1486905861592753,
      1.1498378252813393,
      1.152750918054277
    ],
    "Mean diffs": [
      0.0,
      0.002642996816690779,
      0.005063463846745941,
      0.006210702968809878,
      0.009123795741747598
    ]
  },
  "RG1": {
    "Nu": 1.84629040666328,
    "Other Nu": 3.626873898067694,
    "Slope": 0.686995901639355,
    "Mean Slope": 1.2105977201556606,
    "R2": 0.9693750779105917,
    "Mean R2": 0.9958732654243547,
    "Peaks": [
      1.900656000000001,
      1.9014300000000013,
      1.9040980000000007,
      1.9042490000000012,
      1.9069240000000012
    ],
    "Peak diffs": [
      0.0,
      0.0007740000000002745,
      0.003441999999999723,
      0.0035930000000001794,
      0.006268000000000162
    ],
    "Means": [
      2.2596992301279446,
      2.26303280697571,
      2.2656521823338442,
      2.267224482666405,
      2.270968625614559
    ],
    "Mean diffs": [
      0.0,
      0.0033335768477655847,
      0.005952952205899642,
      0.007525252538460592,
      0.011269395486614542
    ]
  },
  "RG2": {
    "Nu": 3.500136643705918,
    "Other Nu": 2.9248691113855383,
    "Slope": 1.4859713114754254,
    "Mean Slope": 1.6063555818019186,
    "R2": 0.9798920972037742,
    "Mean R2": 0.9964267115262343,
    "Peaks": [
      3.4875740000000013,
      3.491924000000001,
      3.4934650000000014,
      3.499957000000001,
      3.4999370000000014
    ],
    "Peak diffs": [
      0.0,
      0.004349999999999632,
      0.005891000000000091,
      0.01238299999999981,
      0.012363000000000124
    ],
    "Means": [
      3.740406483606266,
      3.7450107343156978,
      3.74846152353792,
      3.750507613367488,
      3.7553694146081447
    ],
    "Mean diffs": [
      0.0,
      0.004604250709431934,
      0.008055039931654129,
      0.01010112976122235,
      0.014962931001878843
    ]
  },
  "RG3": {
    "Nu": 1.5941209635640754,
    "Other Nu": 2.2463784776197775,
    "Slope": 3.6856393442623956,
    "Mean Slope": 2.5235993433462474,
    "R2": 0.9530763227255334,
    "Mean R2": 0.9958756735176683,
    "Peaks": [
      5.901434,
      5.927066000000002,
      5.930754000000001,
      5.926910000000001,
      5.940502000000001
    ],
    "Peak diffs": [
      0.0,
      0.025632000000001653,
      0.029320000000001123,
      0.025476000000001164,
      0.03906800000000121
    ],
    "Means": [
      5.97566291922093,
      5.9830067430300895,
      5.988805494179328,
      5.991503085799388,
      5.99920902620843
    ],
    "Mean diffs": [
      0.0,
      0.007343823809159211,
      0.013142574958397546,
      0.01584016657845755,
      0.02354610698749937
    ]
  },
  "RG4": {
    "Nu": 2.769049690274832,
    "Other Nu": 1.9043987314628066,
    "Slope": 2.7217581967211717,
    "Mean Slope": 4.288284061401483,
    "R2": 0.9731318451756312,
    "Mean R2": 0.9962116646410816,
    "Peaks": [
      9.872140000000003,
      9.882802000000002,
      9.88074,
      9.891235000000004,
      9.897922000000001
    ],
    "Peak diffs": [
      0.0,
      0.010661999999998173,
      0.008599999999995944,
      0.019095000000000084,
      0.02578199999999775
    ],
    "Means": [
      9.697729626635121,
      9.710366143228038,
      9.720277260250686,
      9.724862506814404,
      9.737684895431814
    ],
    "Mean diffs": [
      0.0,
      0.012636516592916536,
      0.022547633615564777,
      0.02713288017928228,
      0.03995526879669242
    ]
  },
  "RG5": {
    "Nu": 1.7195591165379314,
    "Other Nu": 1.7111415287446583,
    "Slope": 7.504323770492366,
    "Mean Slope": 7.579097040151985,
    "R2": 0.9944340331122672,
    "Mean R2": 0.9949836698024886,
    "Peaks": [
      16.809169999999998,
      16.833437,
      16.850166999999995,
      16.856357000000003,
      16.880094000000003
    ],
    "Peak diffs": [
      0.0,
      0.024267000000001815,
      0.040996999999997286,
      0.04718700000000453,
      0.0709240000000051
    ],
    "Means": [
      16.348527127935895,
      16.371243529551872,
      16.3885036188909,
      16.395728367461043,
      16.41969651682205
    ],
    "Mean diffs": [
      0.0,
      0.022716401615976878,
      0.03997649095500577,
      0.04720123952514754,
      0.07116938888615465
    ]
  },
  "RG6": {
    "Nu": 1.463509854297893,
    "Other Nu": 2.1484764437469517,
    "Slope": 17.14520491803308,
    "Mean Slope": 6.9291416601111795,
    "R2": 0.9897021896518399,
    "Mean R2": 0.9944518697202158,
    "Peaks": [
      28.160232999999998,
      28.195172000000003,
      28.236754,
      28.259918,
      28.318558000000003
    ],
    "Peak diffs": [
      0.0,
      0.03493900000000494,
      0.07652100000000317,
      0.09968500000000091,
      0.15832500000000493
    ],
    "Means": [
      25.955062877683545,
      25.97552019485678,
      25.99133434045199,
      25.99779914918454,
      26.020227447700062
    ],
    "Mean diffs": [
      0.0,
      0.020457317173235623,
      0.036271462768443286,
      0.04273627150099557,
      0.06516457001651688
    ]
  },
  "RG7": {
    "Nu": 8.32881682968553,
    "Other Nu": 14.947219201555653,
    "Slope": 0.558467213114954,
    "Mean Slope": 0.7228085443947613,
    "R2": 0.7180619407900191,
    "Mean R2": 0.9924155103288886,
    "Peaks": [
      30.120592,
      30.121537,
      30.119851,
      30.121414000000005,
      30.114164
    ],
    "Peak diffs": [
      0.0,
      0.000945000000001528,
      0.0007409999999978822,
      0.0008220000000065397,
      0.006427999999999656
    ],
    "Means": [
      29.79209448998665,
      29.793505860120288,
      29.79562473572272,
      29.796495083696808,
      29.798624529962233
    ],
    "Mean diffs": [
      0.0,
      0.0014113701336384565,
      0.003530245736069304,
      0.004400593710158773,
      0.006530039975583435
    ]
  }
}